timestamp,side,price,qty
2023-10-19 22:00:00+00:00,buy,1565.33251953125,63.75642156203707
2023-10-20 17:00:00+00:00,sell,1609.572998046875,63.75642156203707
2023-10-21 14:00:00+00:00,buy,1623.03076171875,62.97511115203693
2023-10-22 02:00:00+00:00,sell,1626.1614990234375,62.97511115203693
2023-10-22 06:00:00+00:00,buy,1645.0228271484375,62.00429458791708
2023-10-22 07:00:00+00:00,sell,1631.3890380859375,62.00429458791708
2023-10-22 22:00:00+00:00,buy,1667.6666259765625,60.4131047789411
2023-10-23 10:00:00+00:00,sell,1673.059814453125,60.4131047789411
2023-10-23 18:00:00+00:00,buy,1702.1029052734375,59.144980545863916
2023-10-24 14:00:00+00:00,sell,1781.863525390625,59.144980545863916
2023-10-25 14:00:00+00:00,buy,1808.04345703125,58.05565765323001
2023-10-25 18:00:00+00:00,sell,1791.300537109375,58.05565765323001
2023-10-26 03:00:00+00:00,buy,1816.8814697265625,57.0095341495417
2023-10-26 13:00:00+00:00,sell,1808.6851806640625,57.0095341495417
2023-10-28 10:00:00+00:00,buy,1790.9527587890625,57.34392619779917
2023-10-28 11:00:00+00:00,sell,1788.518798828125,57.34392619779917
2023-10-28 13:00:00+00:00,buy,1787.8594970703125,57.13584185642837
2023-10-28 14:00:00+00:00,sell,1786.5023193359375,57.13584185642837
2023-10-28 15:00:00+00:00,buy,1790.6954345703125,56.77427164234487
2023-10-28 17:00:00+00:00,sell,1785.3076171875,56.77427164234487
2023-10-29 07:00:00+00:00,buy,1783.630859375,56.600560801236085
2023-10-30 01:00:00+00:00,sell,1793.283203125,56.600560801236085
2023-10-30 08:00:00+00:00,buy,1820.1741943359375,55.54151792194024
2023-10-30 17:00:00+00:00,sell,1798.07861328125,55.54151792194024
2023-10-31 18:00:00+00:00,buy,1809.1595458984375,54.98074681146204
2023-11-01 05:00:00+00:00,sell,1800.91796875,54.98074681146204
2023-11-01 18:00:00+00:00,buy,1821.3538818359375,54.14661513908198
2023-11-02 07:00:00+00:00,sell,1836.012451171875,54.14661513908198
2023-11-03 20:00:00+00:00,buy,1829.4061279296875,54.12499733633417
2023-11-04 13:00:00+00:00,sell,1836.4981689453125,54.12499733633417
2023-11-04 22:00:00+00:00,buy,1858.3612060546875,53.274494725574236
2023-11-05 13:00:00+00:00,sell,1871.2481689453125,53.274494725574236
2023-11-06 11:00:00+00:00,buy,1899.6446533203125,52.26842825027613
2023-11-06 18:00:00+00:00,sell,1894.81103515625,52.26842825027613
2023-11-07 19:00:00+00:00,buy,1895.24267578125,52.04770706994374
2023-11-07 22:00:00+00:00,sell,1881.047119140625,52.04770706994374
2023-11-08 01:00:00+00:00,buy,1889.56396484375,51.60606685725342
2023-11-08 02:00:00+00:00,sell,1888.457763671875,51.60606685725342
2023-11-08 13:00:00+00:00,buy,1889.1282958984375,51.38160501484666
2023-11-08 14:00:00+00:00,sell,1887.2440185546875,51.38160501484666
2023-11-08 15:00:00+00:00,buy,1889.4451904296875,51.116664610757816
2023-11-08 21:00:00+00:00,sell,1888.191162109375,51.116664610757816
2023-11-08 22:00:00+00:00,buy,1891.417236328125,50.82556426094875
2023-11-09 11:00:00+00:00,sell,1913.760009765625,50.82556426094875
2023-11-09 14:00:00+00:00,buy,1988.8385009765625,48.71147136940018
2023-11-10 07:00:00+00:00,sell,2101.89501953125,48.71147136940018
2023-11-11 14:00:00+00:00,buy,2083.887939453125,48.936058932937605
2023-11-11 15:00:00+00:00,sell,2069.601318359375,48.936058932937605
2023-11-11 16:00:00+00:00,buy,2086.048828125,48.35621453683052
2023-11-11 17:00:00+00:00,sell,2071.071533203125,48.35621453683052
2023-11-12 21:00:00+00:00,buy,2059.962646484375,48.42271457209367
2023-11-12 23:00:00+00:00,sell,2045.3544921875,48.42271457209367
2023-11-13 01:00:00+00:00,buy,2063.7529296875,47.79925205884673
2023-11-13 03:00:00+00:00,sell,2040.7991943359375,47.79925205884673
2023-11-13 08:00:00+00:00,buy,2058.56884765625,47.1972898533404
2023-11-13 11:00:00+00:00,sell,2048.1337890625,47.1972898533404
2023-11-13 12:00:00+00:00,buy,2055.6416015625,46.83699981391383
2023-11-13 13:00:00+00:00,sell,2050.470947265625,46.83699981391383
2023-11-13 14:00:00+00:00,buy,2077.73486328125,46.03770268675283
2023-11-13 21:00:00+00:00,sell,2060.93115234375,46.03770268675283
2023-11-15 18:00:00+00:00,buy,2039.4290771484375,46.33718038439785
2023-11-16 08:00:00+00:00,sell,2042.7476806640625,46.33718038439785
2023-11-18 16:00:00+00:00,buy,1964.8082275390625,47.982762076714046
2023-11-19 01:00:00+00:00,sell,1952.0673828125,47.982762076714046
2023-11-19 03:00:00+00:00,buy,1957.380126953125,47.6613080033741
2023-11-19 11:00:00+00:00,sell,1952.632568359375,47.6613080033741
2023-11-19 16:00:00+00:00,buy,1969.5225830078125,47.06375810501939
2023-11-20 16:00:00+00:00,sell,2021.1248779296875,47.06375810501939
2023-11-20 17:00:00+00:00,buy,2058.482177734375,46.02499207289945
2023-11-20 20:00:00+00:00,sell,2036.28662109375,46.02499207289945
2023-11-22 09:00:00+00:00,buy,2010.2725830078125,46.43428506210428
2023-11-23 04:00:00+00:00,sell,2062.897216796875,46.43428506210428
2023-11-24 07:00:00+00:00,buy,2080.639892578125,45.854347158221984
2023-11-24 18:00:00+00:00,sell,2091.699951171875,45.854347158221984
2023-11-25 20:00:00+00:00,buy,2084.23193359375,45.834757487113166
2023-11-26 00:00:00+00:00,sell,2081.989501953125,45.834757487113166
2023-11-26 06:00:00+00:00,buy,2089.49755859375,45.48756484357349
2023-11-26 10:00:00+00:00,sell,2085.2685546875,45.48756484357349
2023-11-26 12:00:00+00:00,buy,2089.10888671875,45.22251255498833
2023-11-26 13:00:00+00:00,sell,2082.9716796875,45.22251255498833
2023-11-28 15:00:00+00:00,buy,2037.6190185546875,46.044329199482966
2023-11-29 05:00:00+00:00,sell,2054.37158203125,46.044329199482966
2023-11-29 06:00:00+00:00,buy,2062.774169921875,45.67352670876182
2023-11-29 10:00:00+00:00,sell,2048.3017578125,45.67352670876182
2023-11-30 11:00:00+00:00,buy,2045.76318359375,45.54746480081568
2023-11-30 13:00:00+00:00,sell,2036.047607421875,45.54746480081568
2023-11-30 20:00:00+00:00,buy,2045.4898681640625,45.15604398228387
2023-12-01 13:00:00+00:00,sell,2080.826904296875,45.15604398228387
2023-12-02 18:00:00+00:00,buy,2148.82568359375,43.55236449716946
2023-12-03 06:00:00+00:00,sell,2158.0849609375,43.55236449716946
2023-12-03 22:00:00+00:00,buy,2205.7646484375,42.44066566593863
2023-12-04 13:00:00+00:00,sell,2240.16748046875,42.44066566593863
2023-12-05 16:00:00+00:00,buy,2235.96484375,42.35052390893903
2023-12-06 05:00:00+00:00,sell,2269.83154296875,42.35052390893903
2023-12-07 05:00:00+00:00,buy,2265.31884765625,42.265319702311416
2023-12-07 08:00:00+00:00,sell,2246.214111328125,42.265319702311416
2023-12-07 14:00:00+00:00,buy,2267.558349609375,41.70017916809297
2023-12-08 07:00:00+00:00,sell,2354.384765625,41.70017916809297
2023-12-09 07:00:00+00:00,buy,2384.18408203125,41.01442792987611
2023-12-09 08:00:00+00:00,sell,2362.85546875,41.01442792987611
2023-12-10 18:00:00+00:00,buy,2357.28271484375,40.947107322887575
2023-12-10 19:00:00+00:00,sell,2355.279296875,40.947107322887575
2023-12-10 20:00:00+00:00,buy,2376.2294921875,40.42391222364933
2023-12-10 23:00:00+00:00,sell,2352.49658203125,40.42391222364933
2023-12-13 15:00:00+00:00,buy,2216.4267578125,42.734147172566516
2023-12-14 15:00:00+00:00,sell,2276.177978515625,42.734147172566516
2023-12-14 23:00:00+00:00,buy,2316.1103515625,41.829540480522674
2023-12-15 00:00:00+00:00,sell,2300.89892578125,41.829540480522674
2023-12-17 20:00:00+00:00,buy,2243.95751953125,42.71959104677327
2023-12-17 22:00:00+00:00,sell,2216.448974609375,42.71959104677327
2023-12-18 21:00:00+00:00,buy,2216.169189453125,42.55425523838908
2023-12-19 13:00:00+00:00,sell,2224.776123046875,42.55425523838908
2023-12-20 04:00:00+00:00,buy,2213.949462890625,42.59147577655398
2023-12-20 19:00:00+00:00,sell,2205.4130859375,42.59147577655398
2023-12-21 07:00:00+00:00,buy,2215.153564453125,42.23474528511228
2023-12-21 19:00:00+00:00,sell,2224.369384765625,42.23474528511228
2023-12-21 21:00:00+00:00,buy,2248.16552734375,41.62071979694856
2023-12-22 20:00:00+00:00,sell,2315.022705078125,41.62071979694856
2023-12-23 18:00:00+00:00,buy,2306.718994140625,41.60363067270899
2023-12-23 19:00:00+00:00,sell,2292.90185546875,41.60363067270899
2023-12-23 23:00:00+00:00,buy,2310.43603515625,41.12290923543299
2023-12-24 05:00:00+00:00,sell,2286.077880859375,41.12290923543299
2023-12-25 12:00:00+00:00,buy,2299.312255859375,40.72283279880524
2023-12-25 13:00:00+00:00,sell,2288.83984375,40.72283279880524
2023-12-25 14:00:00+00:00,buy,2290.934326171875,40.52302235940998
2023-12-25 15:00:00+00:00,sell,2286.178955078125,40.52302235940998
2023-12-27 09:00:00+00:00,buy,2251.611083984375,40.980736246344755
2023-12-28 06:00:00+00:00,sell,2375.51611328125,40.980736246344755
2023-12-29 10:00:00+00:00,buy,2367.9453125,40.94747736779449
2023-12-29 13:00:00+00:00,sell,2364.712646484375,40.94747736779449
2023-12-29 14:00:00+00:00,buy,2383.754638671875,40.458060261087525
2023-12-29 15:00:00+00:00,sell,2329.431396484375,40.458060261087525
2023-12-31 09:00:00+00:00,buy,2309.119140625,40.65085860467054
2023-12-31 12:00:00+00:00,sell,2302.227783203125,40.65085860467054
2023-12-31 13:00:00+00:00,buy,2303.75830078125,40.461519016515396
2023-12-31 14:00:00+00:00,sell,2299.565673828125,40.461519016515396
2023-12-31 16:00:00+00:00,buy,2303.73193359375,40.22695322518396
2023-12-31 17:00:00+00:00,sell,2297.424560546875,40.22695322518396
2023-12-31 18:00:00+00:00,buy,2302.697998046875,39.974450199636415
2023-12-31 19:00:00+00:00,sell,2293.726806640625,39.974450199636415
2024-01-01 01:00:00+00:00,buy,2302.814453125,39.657590636342526
2024-01-01 02:00:00+00:00,sell,2293.439697265625,39.657590636342526
2024-01-01 09:00:00+00:00,buy,2299.831787109375,39.38933612865432
2024-01-02 12:00:00+00:00,sell,2388.021728515625,39.38933612865432
2024-01-05 09:00:00+00:00,buy,2266.395751953125,41.337315583330565
2024-01-05 10:00:00+00:00,sell,2240.143798828125,41.337315583330565
2024-01-05 20:00:00+00:00,buy,2250.595458984375,40.98093021448124
2024-01-06 04:00:00+00:00,sell,2249.49658203125,40.98093021448124
2024-01-06 17:00:00+00:00,buy,2250.9990234375,40.789926777394776
2024-01-06 19:00:00+00:00,sell,2246.69189453125,40.789926777394776
2024-01-07 00:00:00+00:00,buy,2251.03271484375,40.54858654230889
2024-01-07 01:00:00+00:00,sell,2243.68115234375,40.54858654230889
2024-01-07 04:00:00+00:00,buy,2249.735107421875,40.277875646382284
2024-01-07 05:00:00+00:00,sell,2244.03271484375,40.277875646382284
2024-01-07 06:00:00+00:00,buy,2250.537353515625,40.00097690056322
2024-01-07 08:00:00+00:00,sell,2241.100830078125,40.00097690056322
2024-01-07 13:00:00+00:00,buy,2253.173828125,39.62765549466592
2024-01-07 15:00:00+00:00,sell,2232.242919921875,39.62765549466592
2024-01-07 19:00:00+00:00,buy,2249.4716796875,39.167007003120055
2024-01-07 20:00:00+00:00,sell,2241.827880859375,39.167007003120055
2024-01-08 11:00:00+00:00,buy,2240.9580078125,39.02563835379187
2024-01-09 03:00:00+00:00,sell,2311.154296875,39.02563835379187
2024-01-09 22:00:00+00:00,buy,2341.965576171875,38.358315926447034
2024-01-10 13:00:00+00:00,sell,2380.24169921875,38.358315926447034
2024-01-10 15:00:00+00:00,buy,2449.445556640625,37.12563432542156
2024-01-11 09:00:00+00:00,sell,2608.567138671875,37.12563432542156
2024-01-11 10:00:00+00:00,buy,2637.5185546875,36.571389449465336
2024-01-11 13:00:00+00:00,sell,2637.13916015625,36.571389449465336
2024-01-11 14:00:00+00:00,buy,2683.6240234375,35.79430383016405
2024-01-11 15:00:00+00:00,sell,2612.11669921875,35.79430383016405
2024-01-12 12:00:00+00:00,buy,2650.408447265625,35.13619844830524
2024-01-12 17:00:00+00:00,sell,2599.723388671875,35.13619844830524
2024-01-15 11:00:00+00:00,buy,2538.231689453125,35.84360918001336
2024-01-15 14:00:00+00:00,sell,2507.281982421875,35.84360918001336
2024-01-15 18:00:00+00:00,buy,2538.4951171875,35.26140909792467
2024-01-15 19:00:00+00:00,sell,2532.6240234375,35.26140909792467
2024-01-16 03:00:00+00:00,buy,2534.99462890625,35.08766149476193
2024-01-16 13:00:00+00:00,sell,2524.228271484375,35.08766149476193
2024-01-16 14:00:00+00:00,buy,2532.58642578125,34.83211606755189
2024-01-17 03:00:00+00:00,sell,2571.415283203125,34.83211606755189
2024-01-21 02:00:00+00:00,buy,2475.117431640625,36.042703021249494
2024-01-21 05:00:00+00:00,sell,2471.5947265625,36.042703021249494
2024-01-21 07:00:00+00:00,buy,2473.4638671875,35.8715485632756
2024-01-21 08:00:00+00:00,sell,2472.87548828125,35.8715485632756
2024-01-21 09:00:00+00:00,buy,2475.48974609375,35.690474839998046
2024-01-21 11:00:00+00:00,sell,2472.072265625,35.690474839998046
2024-01-21 13:00:00+00:00,buy,2477.92529296875,35.463889260115195
2024-01-21 15:00:00+00:00,sell,2466.739501953125,35.463889260115195
2024-01-25 10:00:00+00:00,buy,2236.40478515625,38.96012310638688
2024-01-25 12:00:00+00:00,sell,2209.27587890625,38.96012310638688
2024-01-25 22:00:00+00:00,buy,2221.291015625,38.59454221391394
2024-01-25 23:00:00+00:00,sell,2217.44189453125,38.59454221391394
2024-01-26 01:00:00+00:00,buy,2222.726806640625,38.348920009478675
2024-01-26 05:00:00+00:00,sell,2220.366943359375,38.348920009478675
2024-01-26 10:00:00+00:00,buy,2236.35791015625,37.922561417792394
2024-01-27 05:00:00+00:00,sell,2263.265380859375,37.922561417792394
2024-01-28 02:00:00+00:00,buy,2279.39306640625,37.503776642973726
2024-01-28 11:00:00+00:00,sell,2281.04248046875,37.503776642973726
2024-01-29 09:00:00+00:00,buy,2272.5009765625,37.49431130698554
2024-01-29 11:00:00+00:00,sell,2263.812255859375,37.49431130698554
2024-01-29 16:00:00+00:00,buy,2299.734375,36.7611588430683
2024-01-30 06:00:00+00:00,sell,2303.886474609375,36.7611588430683
2024-01-30 15:00:00+00:00,buy,2340.057861328125,36.04829721141331
2024-01-31 00:00:00+00:00,sell,2340.40673828125,36.04829721141331
2024-01-31 17:00:00+00:00,buy,2346.97412109375,35.803779727199846
2024-01-31 19:00:00+00:00,sell,2322.944091796875,35.803779727199846
2024-02-01 21:00:00+00:00,buy,2304.34033203125,35.948609411641954
2024-02-01 22:00:00+00:00,sell,2296.458984375,35.948609411641954
2024-02-01 23:00:00+00:00,buy,2303.7060546875,35.692322413111995
2024-02-02 13:00:00+00:00,sell,2290.657470703125,35.692322413111995
2024-02-03 00:00:00+00:00,buy,2313.30419921875,35.20167235482972
2024-02-03 08:00:00+00:00,sell,2308.14013671875,35.20167235482972
2024-02-04 11:00:00+00:00,buy,2306.177490234375,35.09084474837409
2024-02-04 12:00:00+00:00,sell,2303.433349609375,35.09084474837409
2024-02-04 17:00:00+00:00,buy,2305.376220703125,34.9211668645852
2024-02-04 18:00:00+00:00,sell,2294.041748046875,34.9211668645852
2024-02-05 07:00:00+00:00,buy,2308.087890625,34.56995419702612
2024-02-05 15:00:00+00:00,sell,2295.946044921875,34.56995419702612
2024-02-06 02:00:00+00:00,buy,2321.478271484375,34.05312255875484
2024-02-07 03:00:00+00:00,sell,2363.43505859375,34.05312255875484
2024-02-07 17:00:00+00:00,buy,2409.312255859375,33.27121093147534
2024-02-08 05:00:00+00:00,sell,2421.93408203125,33.27121093147534
2024-02-09 03:00:00+00:00,buy,2447.47900390625,32.792387261011356
2024-02-09 19:00:00+00:00,sell,2487.086181640625,32.792387261011356
2024-02-10 21:00:00+00:00,buy,2511.61279296875,32.342401545481174
2024-02-11 13:00:00+00:00,sell,2512.421142578125,32.342401545481174
2024-02-12 14:00:00+00:00,buy,2527.926025390625,32.015583814113995
2024-02-13 07:00:00+00:00,sell,2650.310791015625,32.015583814113995
2024-02-14 08:00:00+00:00,buy,2714.228759765625,31.136720283829497
2024-02-15 04:00:00+00:00,sell,2798.960205078125,31.136720283829497
2024-02-15 14:00:00+00:00,buy,2853.843017578125,30.415894390207466
2024-02-15 17:00:00+00:00,sell,2815.942138671875,30.415894390207466
2024-02-18 04:00:00+00:00,buy,2797.629638671875,30.492650822099677
2024-02-18 06:00:00+00:00,sell,2787.708251953125,30.492650822099677
2024-02-18 07:00:00+00:00,buy,2802.339599609375,30.212232626505607
2024-02-18 13:00:00+00:00,sell,2788.25830078125,30.212232626505607
2024-02-18 14:00:00+00:00,buy,2810.302490234375,29.8554648910412
2024-02-19 13:00:00+00:00,sell,2895.39111328125,29.8554648910412
2024-02-19 21:00:00+00:00,buy,2967.94921875,29.009195968231513
2024-02-20 00:00:00+00:00,sell,2934.601318359375,29.009195968231513
2024-02-20 13:00:00+00:00,buy,2996.224609375,28.299027813329328
2024-02-20 15:00:00+00:00,sell,2925.57177734375,28.299027813329328
2024-02-20 19:00:00+00:00,buy,2985.281982421875,27.622182895099655
2024-02-21 06:00:00+00:00,sell,2947.51171875,27.622182895099655
2024-02-21 23:00:00+00:00,buy,2969.599853515625,27.307169523351213
2024-02-22 01:00:00+00:00,sell,2910.815185546875,27.307169523351213
2024-02-22 06:00:00+00:00,buy,2958.34033203125,26.76111883250376
2024-02-22 13:00:00+00:00,sell,2942.947021484375,26.76111883250376
2024-02-22 14:00:00+00:00,buy,2964.64794921875,26.45907544832044
2024-02-22 16:00:00+00:00,sell,2968.720703125,26.45907544832044
2024-02-22 17:00:00+00:00,buy,2983.884521484375,26.219419781098033
2024-02-22 23:00:00+00:00,sell,2970.1396484375,26.219419781098033
2024-02-24 07:00:00+00:00,buy,2962.56591796875,26.181408463780702
2024-02-24 08:00:00+00:00,sell,2949.399169921875,26.181408463780702
2024-02-24 09:00:00+00:00,buy,2958.063232421875,26.000409567859823
2024-02-26 04:00:00+00:00,sell,3103.513427734375,26.000409567859823
2024-02-26 16:00:00+00:00,buy,3154.501220703125,25.47793355810818
2024-02-27 15:00:00+00:00,sell,3230.710693359375,25.47793355810818
2024-02-28 07:00:00+00:00,buy,3303.54736328125,24.81663051660208
2024-02-28 19:00:00+00:00,sell,3300.979248046875,24.81663051660208
2024-02-29 00:00:00+00:00,buy,3449.676025390625,23.65202781031403
2024-02-29 14:00:00+00:00,sell,3470.791015625,23.65202781031403
2024-03-01 08:00:00+00:00,buy,3422.90478515625,23.88708250442886
2024-03-01 15:00:00+00:00,sell,3391.0625,23.88708250442886
2024-03-01 17:00:00+00:00,buy,3419.41552734375,23.59435486021363
2024-03-02 05:00:00+00:00,sell,3423.133056640625,23.59435486021363
2024-03-03 01:00:00+00:00,buy,3432.7734375,23.43407572300132
2024-03-03 02:00:00+00:00,sell,3418.167236328125,23.43407572300132
2024-03-03 03:00:00+00:00,buy,3432.67822265625,23.241765968736477
2024-03-03 06:00:00+00:00,sell,3414.771484375,23.241765968736477
2024-03-03 13:00:00+00:00,buy,3429.6494140625,23.048471232952256
2024-03-04 06:00:00+00:00,sell,3474.25927734375,23.048471232952256
2024-03-04 08:00:00+00:00,buy,3535.608154296875,22.558037082861457
2024-03-04 13:00:00+00:00,sell,3491.696044921875,22.558037082861457
2024-03-04 14:00:00+00:00,buy,3538.4267578125,22.1711698618596
2024-03-05 16:00:00+00:00,sell,3685.497802734375,22.1711698618596
2024-03-06 05:00:00+00:00,buy,3770.400390625,21.58531429931102
2024-03-06 22:00:00+00:00,sell,3816.380859375,21.58531429931102
2024-03-07 16:00:00+00:00,buy,3834.33203125,21.39840735141434
2024-03-08 15:00:00+00:00,sell,3906.320556640625,21.39840735141434
2024-03-10 01:00:00+00:00,buy,3937.900390625,21.14198137578468
2024-03-10 13:00:00+00:00,sell,3905.81689453125,21.14198137578468
2024-03-11 07:00:00+00:00,buy,4002.36474609375,20.54953427129374
2024-03-12 02:00:00+00:00,sell,4053.277099609375,20.54953427129374
2024-03-13 01:00:00+00:00,buy,4022.33837890625,20.62484808579932
2024-03-13 12:00:00+00:00,sell,4009.38623046875,20.62484808579932
2024-03-17 17:00:00+00:00,buy,3637.475830078125,22.642773344060796
2024-03-17 18:00:00+00:00,sell,3631.58203125,22.642773344060796
2024-03-17 19:00:00+00:00,buy,3650.3896484375,22.436098406676532
2024-03-18 00:00:00+00:00,sell,3575.806396484375,22.436098406676532
2024-03-18 04:00:00+00:00,buy,3614.974365234375,22.104321760899662
2024-03-18 08:00:00+00:00,sell,3596.722900390625,22.104321760899662
2024-03-20 12:00:00+00:00,buy,3354.35302734375,23.606765644794724
2024-03-20 15:00:00+00:00,sell,3292.193115234375,23.606765644794724
2024-03-20 18:00:00+00:00,buy,3397.5048828125,22.78362290725421
2024-03-21 11:00:00+00:00,sell,3532.052978515625,22.78362290725421
2024-03-23 14:00:00+00:00,buy,3415.80810546875,23.464840739112226
2024-03-23 15:00:00+00:00,sell,3405.98583984375,23.464840739112226
2024-03-23 16:00:00+00:00,buy,3416.41455078125,23.299734306510555
2024-03-23 19:00:00+00:00,sell,3387.255126953125,23.299734306510555
2024-03-24 09:00:00+00:00,buy,3365.336669921875,23.357773473175502
2024-03-24 17:00:00+00:00,sell,3368.582763671875,23.357773473175502
2024-03-24 18:00:00+00:00,buy,3385.36376953125,23.149115667483144
2024-03-25 10:00:00+00:00,sell,3456.8798828125,23.149115667483144
2024-03-25 14:00:00+00:00,buy,3563.099365234375,22.369271617662303
2024-03-26 01:00:00+00:00,sell,3615.880615234375,22.369271617662303
2024-03-28 06:00:00+00:00,buy,3573.243408203125,22.545735482295367
2024-03-28 16:00:00+00:00,sell,3562.56884765625,22.545735482295367
2024-03-28 18:00:00+00:00,buy,3560.959228515625,22.465793087303588
2024-03-28 20:00:00+00:00,sell,3562.375244140625,22.465793087303588
2024-03-30 11:00:00+00:00,buy,3562.469970703125,22.375424796708373
2024-03-30 18:00:00+00:00,sell,3529.3662109375,22.375424796708373
2024-03-31 02:00:00+00:00,buy,3532.203125,22.268113429693273
2024-03-31 21:00:00+00:00,sell,3625.087890625,22.268113429693273
2024-04-03 16:00:00+00:00,buy,3350.208984375,23.998889662745473
2024-04-03 17:00:00+00:00,sell,3326.15478515625,23.998889662745473
2024-04-04 00:00:00+00:00,buy,3329.0458984375,23.882231523698653
2024-04-04 01:00:00+00:00,sell,3322.332763671875,23.882231523698653
2024-04-04 07:00:00+00:00,buy,3321.664794921875,23.79158152244497
2024-04-04 20:00:00+00:00,sell,3325.76318359375,23.79158152244497
2024-04-05 14:00:00+00:00,buy,3320.5634765625,23.73361699004095
2024-04-05 17:00:00+00:00,sell,3313.638671875,23.73361699004095
2024-04-05 18:00:00+00:00,buy,3327.668212890625,23.53911571845804
2024-04-05 22:00:00+00:00,sell,3315.754150390625,23.53911571845804
2024-04-05 23:00:00+00:00,buy,3319.0546875,23.42173916262866
2024-04-06 01:00:00+00:00,sell,3318.873046875,23.42173916262866
2024-04-06 02:00:00+00:00,buy,3323.919921875,23.292725594290243
2024-04-06 13:00:00+00:00,sell,3319.851806640625,23.292725594290243
2024-04-06 17:00:00+00:00,buy,3342.26953125,23.044040030484663
2024-04-07 15:00:00+00:00,sell,3390.736572265625,23.044040030484663
2024-04-07 23:00:00+00:00,buy,3453.962158203125,22.531815117645937
2024-04-09 00:00:00+00:00,sell,3694.4931640625,22.531815117645937
2024-04-11 02:00:00+00:00,buy,3567.573486328125,23.2401646863458
2024-04-11 11:00:00+00:00,sell,3522.442138671875,23.2401646863458
2024-04-12 03:00:00+00:00,buy,3534.619384765625,23.067551391591522
2024-04-12 07:00:00+00:00,sell,3516.854248046875,23.067551391591522
2024-04-12 10:00:00+00:00,buy,3529.366455078125,22.893921832273953
2024-04-12 12:00:00+00:00,sell,3496.68701171875,22.893921832273953
2024-04-14 22:00:00+00:00,buy,3159.6884765625,25.23444586537331
2024-04-15 00:00:00+00:00,sell,3116.044921875,25.23444586537331
2024-04-15 01:00:00+00:00,buy,3132.4599609375,25.001901295100318
2024-04-15 14:00:00+00:00,sell,3131.359619140625,25.001901295100318
2024-04-17 04:00:00+00:00,buy,3116.23974609375,25.02281719443114
2024-04-17 05:00:00+00:00,sell,3090.564208984375,25.02281719443114
2024-04-18 11:00:00+00:00,buy,3047.812255859375,25.272420873878882
2024-04-18 12:00:00+00:00,sell,3024.158447265625,25.272420873878882
2024-04-18 13:00:00+00:00,buy,3050.410888671875,24.954801939053507
2024-04-19 01:00:00+00:00,sell,2942.261962890625,24.954801939053507
2024-04-19 06:00:00+00:00,buy,3104.077392578125,23.559388096351057
2024-04-19 18:00:00+00:00,sell,3077.444091796875,23.559388096351057
2024-04-19 19:00:00+00:00,buy,3104.513427734375,23.260643123759987
2024-04-19 20:00:00+00:00,sell,3079.20654296875,23.260643123759987
2024-04-20 15:00:00+00:00,buy,3110.994384765625,22.930968326069124
2024-04-21 09:00:00+00:00,sell,3170.279052734375,22.930968326069124
2024-04-22 03:00:00+00:00,buy,3190.6884765625,22.693243038619165
2024-04-22 14:00:00+00:00,sell,3186.476806640625,22.693243038619165
2024-04-23 14:00:00+00:00,buy,3249.673583984375,22.16300622945749
2024-04-24 14:00:00+00:00,sell,3212.97265625,22.16300622945749
2024-04-26 18:00:00+00:00,buy,3150.770751953125,22.510232220522497
2024-04-26 20:00:00+00:00,sell,3142.855712890625,22.510232220522497
2024-04-26 21:00:00+00:00,buy,3151.114013671875,22.361523247002957
2024-04-26 22:00:00+00:00,sell,3130.875732421875,22.361523247002957
2024-04-27 12:00:00+00:00,buy,3136.934814453125,22.229147254018258
2024-04-28 10:00:00+00:00,sell,3299.395263671875,22.229147254018258
2024-05-02 10:00:00+00:00,buy,2964.415771484375,24.642179503418795
2024-05-03 06:00:00+00:00,sell,2983.077880859375,24.642179503418795
2024-05-03 13:00:00+00:00,buy,3061.926513671875,23.91167657408125
2024-05-04 06:00:00+00:00,sell,3107.521728515625,23.91167657408125
2024-05-05 08:00:00+00:00,buy,3156.49853515625,23.446590169785487
2024-05-05 20:00:00+00:00,sell,3138.0732421875,23.446590169785487
2024-05-06 05:00:00+00:00,buy,3178.027587890625,23.059303623138334
2024-05-06 10:00:00+00:00,sell,3146.576416015625,23.059303623138334
2024-05-07 08:00:00+00:00,buy,3118.037353515625,23.177374593178087
2024-05-07 09:00:00+00:00,sell,3112.925537109375,23.177374593178087
2024-05-09 18:00:00+00:00,buy,3016.11376953125,23.8257365530911
2024-05-10 10:00:00+00:00,sell,3029.572265625,23.8257365530911
2024-05-12 10:00:00+00:00,buy,2929.22265625,24.543491796508235
2024-05-12 20:00:00+00:00,sell,2923.135498046875,24.543491796508235
2024-05-12 21:00:00+00:00,buy,2927.936279296875,24.405334156007786
2024-05-13 01:00:00+00:00,sell,2916.3984375,24.405334156007786
2024-05-13 07:00:00+00:00,buy,2951.912841796875,24.015363659995632
2024-05-13 17:00:00+00:00,sell,2940.719970703125,24.015363659995632
2024-05-15 09:00:00+00:00,buy,2922.14599609375,24.071436630626863
2024-05-15 10:00:00+00:00,sell,2907.816650390625,24.071436630626863
2024-05-15 12:00:00+00:00,buy,2946.62060546875,23.65951788578927
2024-05-16 04:00:00+00:00,sell,3008.759765625,23.65951788578927
2024-05-17 07:00:00+00:00,buy,3025.271240234375,23.43636037230879
2024-05-18 01:00:00+00:00,sell,3107.11572265625,23.43636037230879
2024-05-20 04:00:00+00:00,buy,3123.343994140625,23.221424624843817
2024-05-20 06:00:00+00:00,sell,3076.15283203125,23.221424624843817
2024-05-20 10:00:00+00:00,buy,3103.9697265625,22.921359586975136
2024-05-20 11:00:00+00:00,sell,3093.74609375,22.921359586975136
2024-05-20 15:00:00+00:00,buy,3119.063232421875,22.644458802948208
2024-05-21 09:00:00+00:00,sell,3680.137939453125,22.644458802948208
2024-05-23 04:00:00+00:00,buy,3788.678955078125,21.9078278614644
2024-05-23 14:00:00+00:00,sell,3760.269287109375,21.9078278614644
2024-05-25 04:00:00+00:00,buy,3769.174072265625,21.768733114980254
2024-05-25 05:00:00+00:00,sell,3752.5595703125,21.768733114980254
2024-05-25 10:00:00+00:00,buy,3767.079833984375,21.598172656956127
2024-05-25 11:00:00+00:00,sell,3739.401123046875,21.598172656956127
2024-05-25 14:00:00+00:00,buy,3748.158935546875,21.461602510730476
2024-05-25 15:00:00+00:00,sell,3743.603515625,21.461602510730476
2024-05-25 16:00:00+00:00,buy,3747.3974609375,21.35420058767381
2024-05-25 17:00:00+00:00,sell,3740.10205078125,21.35420058767381
2024-05-25 18:00:00+00:00,buy,3757.680908203125,21.169371020038614
2024-05-25 21:00:00+00:00,sell,3744.38818359375,21.169371020038614
2024-05-26 01:00:00+00:00,buy,3757.425048828125,21.011621887369966
2024-05-26 02:00:00+00:00,sell,3737.634765625,21.011621887369966
2024-05-26 03:00:00+00:00,buy,3770.111083984375,20.74738536006636
2024-05-26 23:00:00+00:00,sell,3824.46533203125,20.74738536006636
2024-05-27 01:00:00+00:00,buy,3881.949951171875,20.358475457024788
2024-05-27 10:00:00+00:00,sell,3904.463623046875,20.358475457024788
2024-05-27 15:00:00+00:00,buy,3959.360595703125,19.995978435736035
2024-05-27 17:00:00+00:00,sell,3935.24560546875,19.995978435736035
2024-05-28 10:00:00+00:00,buy,3896.445556640625,20.114394911533132
2024-05-28 13:00:00+00:00,sell,3849.51513671875,20.114394911533132
2024-05-30 17:00:00+00:00,buy,3810.845703125,20.237307080316317
2024-05-30 19:00:00+00:00,sell,3761.878662109375,20.237307080316317
2024-05-31 10:00:00+00:00,buy,3782.22998046875,20.047981593398024
2024-05-31 15:00:00+00:00,sell,3741.48388671875,20.047981593398024
2024-05-31 17:00:00+00:00,buy,3764.500244140625,19.845785226244924
2024-05-31 22:00:00+00:00,sell,3769.4140625,19.845785226244924
2024-06-01 04:00:00+00:00,buy,3781.322265625,19.704232535473203
2024-06-01 07:00:00+00:00,sell,3769.604736328125,19.704232535473203
2024-06-01 08:00:00+00:00,buy,3795.32763671875,19.492482285639422
2024-06-02 03:00:00+00:00,sell,3804.210205078125,19.492482285639422
2024-06-03 01:00:00+00:00,buy,3800.369873046875,19.434209067652475
2024-06-03 14:00:00+00:00,sell,3769.559326171875,19.434209067652475
2024-06-04 15:00:00+00:00,buy,3810.262451171875,19.149773641647034
2024-06-05 05:00:00+00:00,sell,3789.8505859375,19.149773641647034
2024-06-05 17:00:00+00:00,buy,3839.61279296875,18.826057711974286
2024-06-06 05:00:00+00:00,sell,3847.264892578125,18.826057711974286
2024-06-07 11:00:00+00:00,buy,3831.62158203125,18.82738254501769
2024-06-07 12:00:00+00:00,sell,3805.212158203125,18.82738254501769
2024-06-09 12:00:00+00:00,buy,3703.97900390625,19.264661792375207
2024-06-09 13:00:00+00:00,sell,3688.14990234375,19.264661792375207
2024-06-09 16:00:00+00:00,buy,3698.184814453125,19.13561501671676
2024-06-10 00:00:00+00:00,sell,3693.010009765625,19.13561501671676
2024-06-10 15:00:00+00:00,buy,3701.8720703125,19.013522634964218
2024-06-10 19:00:00+00:00,sell,3667.6279296875,19.013522634964218
2024-06-12 12:00:00+00:00,buy,3638.559814453125,19.08883487728375
2024-06-12 19:00:00+00:00,sell,3529.819580078125,19.08883487728375
2024-06-15 00:00:00+00:00,buy,3491.78369140625,19.219659059641334
2024-06-15 01:00:00+00:00,sell,3476.583251953125,19.219659059641334
2024-06-15 03:00:00+00:00,buy,3501.13134765625,19.008637632332444
2024-06-15 21:00:00+00:00,sell,3559.5439453125,19.008637632332444
2024-06-16 15:00:00+00:00,buy,3589.62158203125,18.774041156457013
2024-06-17 03:00:00+00:00,sell,3580.41455078125,18.774041156457013
2024-06-19 00:00:00+00:00,buy,3493.1044921875,19.16640162301145
2024-06-19 14:00:00+00:00,sell,3519.149658203125,19.16640162301145
2024-06-20 07:00:00+00:00,buy,3605.548828125,18.63236665980772
2024-06-20 13:00:00+00:00,sell,3530.138671875,18.63236665980772
2024-06-21 19:00:00+00:00,buy,3532.944091796875,18.543175362845012
2024-06-21 20:00:00+00:00,sell,3520.219482421875,18.543175362845012
2024-06-22 21:00:00+00:00,buy,3504.72607421875,18.5507234279988
2024-06-22 22:00:00+00:00,sell,3500.6669921875,18.5507234279988
2024-06-23 00:00:00+00:00,buy,3507.435791015625,18.44093781849219
2024-06-23 08:00:00+00:00,sell,3504.690673828125,18.44093781849219
2024-06-25 14:00:00+00:00,buy,3402.808349609375,18.917175333861568
2024-06-26 00:00:00+00:00,sell,3387.9091796875,18.917175333861568
2024-06-26 01:00:00+00:00,buy,3413.757568359375,18.69891706130847
2024-06-26 03:00:00+00:00,sell,3394.014404296875,18.69891706130847
2024-06-26 20:00:00+00:00,buy,3389.339111328125,18.649886617050907
2024-06-26 22:00:00+00:00,sell,3378.080078125,18.649886617050907
2024-06-27 02:00:00+00:00,buy,3383.45947265625,18.54582852519517
2024-06-27 03:00:00+00:00,sell,3380.510986328125,18.54582852519517
2024-06-27 09:00:00+00:00,buy,3395.500244140625,18.390176957555266
2024-06-28 00:00:00+00:00,sell,3435.73876953125,18.390176957555266
2024-06-28 01:00:00+00:00,buy,3480.611328125,18.080548322838236
2024-06-28 04:00:00+00:00,sell,3455.2978515625,18.080548322838236
2024-06-30 13:00:00+00:00,buy,3390.344970703125,18.353304896194516
2024-07-01 10:00:00+00:00,sell,3465.577392578125,18.353304896194516
2024-07-06 13:00:00+00:00,buy,3008.1279296875,21.05982033783086
2024-07-07 04:00:00+00:00,sell,3030.10107421875,21.05982033783086
2024-07-08 08:00:00+00:00,buy,3056.2802734375,20.79599390721185
2024-07-08 14:00:00+00:00,sell,2984.529052734375,20.79599390721185
2024-07-08 19:00:00+00:00,buy,3005.82421875,20.56614983802155
2024-07-09 13:00:00+00:00,sell,3067.75927734375,20.56614983802155
2024-07-10 04:00:00+00:00,buy,3117.761962890625,20.15544550639747
2024-07-10 18:00:00+00:00,sell,3097.799072265625,20.15544550639747
2024-07-11 08:00:00+00:00,buy,3122.75341796875,19.914483065328938
2024-07-11 15:00:00+00:00,sell,3118.31494140625,19.914483065328938
2024-07-12 13:00:00+00:00,buy,3120.4970703125,19.82103446261248
2024-07-12 20:00:00+00:00,sell,3109.836181640625,19.82103446261248
2024-07-12 21:00:00+00:00,buy,3119.86572265625,19.678364861571794
2024-07-13 04:00:00+00:00,sell,3116.5078125,19.678364861571794
2024-07-13 05:00:00+00:00,buy,3134.657470703125,19.48624773168941
2024-07-13 18:00:00+00:00,sell,3153.6025390625,19.48624773168941
2024-07-13 19:00:00+00:00,buy,3164.387939453125,19.34222977106336
2024-07-14 12:00:00+00:00,sell,3191.6328125,19.34222977106336
2024-07-14 21:00:00+00:00,buy,3255.7216796875,18.885707995317897
2024-07-16 04:00:00+00:00,sell,3461.185791015625,18.885707995317897
2024-07-16 17:00:00+00:00,buy,3460.583251953125,18.81351584910704
2024-07-16 21:00:00+00:00,sell,3438.634521484375,18.81351584910704
2024-07-17 01:00:00+00:00,buy,3484.555908203125,18.491392968753647
2024-07-17 09:00:00+00:00,sell,3492.606689453125,18.491392968753647
2024-07-18 06:00:00+00:00,buy,3448.99853515625,18.650366999530362
2024-07-18 07:00:00+00:00,sell,3434.730224609375,18.650366999530362
2024-07-18 08:00:00+00:00,buy,3458.183349609375,18.449860259588238
2024-07-18 14:00:00+00:00,sell,3432.129638671875,18.449860259588238
2024-07-19 06:00:00+00:00,buy,3439.285888671875,18.337898711579907
2024-07-19 07:00:00+00:00,sell,3391.23876953125,18.337898711579907
2024-07-19 13:00:00+00:00,buy,3438.90771484375,18.011442637908555
2024-07-20 05:00:00+00:00,sell,3503.708984375,18.011442637908555
2024-07-20 18:00:00+00:00,buy,3532.98046875,17.79083664962328
2024-07-20 23:00:00+00:00,sell,3518.919921875,17.79083664962328
2024-07-21 16:00:00+00:00,buy,3518.95654296875,17.719560060450082
2024-07-21 17:00:00+00:00,sell,3470.950439453125,17.719560060450082
2024-07-21 21:00:00+00:00,buy,3520.173095703125,17.401969809170325
2024-07-22 05:00:00+00:00,sell,3497.03515625,17.401969809170325
2024-07-23 08:00:00+00:00,buy,3521.461181640625,17.21220803086891
2024-07-23 13:00:00+00:00,sell,3441.601806640625,17.21220803086891
2024-07-23 14:00:00+00:00,buy,3490.23681640625,16.904541452091834
2024-07-23 15:00:00+00:00,sell,3456.19287109375,16.904541452091834
2024-07-23 22:00:00+00:00,buy,3482.94189453125,16.707682670789897
2024-07-23 23:00:00+00:00,sell,3483.192138671875,16.707682670789897
2024-07-24 10:00:00+00:00,buy,3470.260498046875,16.70292978739811
2024-07-24 11:00:00+00:00,sell,3460.352783203125,16.70292978739811
2024-07-26 13:00:00+00:00,buy,3250.441650390625,17.710537472456913
2024-07-26 14:00:00+00:00,sell,3240.67236328125,17.710537472456913
2024-07-26 15:00:00+00:00,buy,3255.122314453125,17.561460732496595
2024-07-27 01:00:00+00:00,sell,3247.984130859375,17.561460732496595
2024-07-27 09:00:00+00:00,buy,3277.26953125,17.334984506592576
2024-07-27 17:00:00+00:00,sell,3261.144775390625,17.334984506592576
2024-07-28 12:00:00+00:00,buy,3270.948974609375,17.21396241371574
2024-07-28 20:00:00+00:00,sell,3260.550537109375,17.21396241371574
2024-07-28 21:00:00+00:00,buy,3263.33935546875,17.130523318251043
2024-07-28 22:00:00+00:00,sell,3258.9091796875,17.130523318251043
2024-07-28 23:00:00+00:00,buy,3270.6513671875,17.000814052221614
2024-07-29 14:00:00+00:00,sell,3325.211669921875,17.000814052221614
2024-07-30 08:00:00+00:00,buy,3337.4482421875,16.870795321097447
2024-07-30 14:00:00+00:00,sell,3300.05419921875,16.870795321097447
2024-07-31 06:00:00+00:00,buy,3323.5849609375,16.684412806551997
2024-07-31 07:00:00+00:00,sell,3318.973388671875,16.684412806551997
2024-07-31 09:00:00+00:00,buy,3318.4990234375,16.620117328067447
2024-07-31 10:00:00+00:00,sell,3308.390380859375,16.620117328067447
2024-07-31 11:00:00+00:00,buy,3320.629150390625,16.492691720377014
2024-07-31 15:00:00+00:00,sell,3300.323486328125,16.492691720377014
2024-07-31 17:00:00+00:00,buy,3313.420166015625,16.361858132904008
2024-07-31 19:00:00+00:00,sell,3264.96435546875,16.361858132904008
2024-08-06 14:00:00+00:00,buy,2524.37451171875,21.077464336344793
2024-08-06 22:00:00+00:00,sell,2476.122314453125,21.077464336344793
2024-08-07 03:00:00+00:00,buy,2507.9208984375,20.72706003212348
2024-08-07 11:00:00+00:00,sell,2476.15478515625,20.72706003212348
2024-08-08 12:00:00+00:00,buy,2484.012451171875,20.578930880463158
2024-08-08 13:00:00+00:00,sell,2435.907470703125,20.578930880463158
2024-08-08 14:00:00+00:00,buy,2497.405517578125,19.991970926221132
2024-08-09 08:00:00+00:00,sell,2672.880615234375,19.991970926221132
2024-08-10 07:00:00+00:00,buy,2634.764404296875,20.200144119390057
2024-08-10 13:00:00+00:00,sell,2610.25830078125,20.200144119390057
2024-08-11 01:00:00+00:00,buy,2630.451416015625,19.96497410284064
2024-08-11 12:00:00+00:00,sell,2638.72705078125,19.96497410284064
2024-08-12 10:00:00+00:00,buy,2642.30029296875,19.85830287059994
2024-08-13 03:00:00+00:00,sell,2657.123291015625,19.85830287059994
2024-08-13 16:00:00+00:00,buy,2716.807861328125,19.34443250592921
2024-08-14 13:00:00+00:00,sell,2660.94921875,19.34443250592921
2024-08-16 19:00:00+00:00,buy,2621.03076171875,19.560571741687493
2024-08-16 20:00:00+00:00,sell,2611.321044921875,19.560571741687493
2024-08-17 09:00:00+00:00,buy,2604.2783203125,19.5350937832326
2024-08-17 10:00:00+00:00,sell,2597.417724609375,19.5350937832326
2024-08-17 12:00:00+00:00,buy,2603.666748046875,19.410333004484176
2024-08-17 21:00:00+00:00,sell,2607.492919921875,19.410333004484176
2024-08-17 22:00:00+00:00,buy,2608.696533203125,19.32384946527879
2024-08-18 01:00:00+00:00,sell,2608.728759765625,19.32384946527879
2024-08-18 02:00:00+00:00,buy,2631.570068359375,19.07957586555405
2024-08-18 03:00:00+00:00,sell,2607.182861328125,19.07957586555405
2024-08-18 09:00:00+00:00,buy,2646.114501953125,18.723742439903074
2024-08-18 21:00:00+00:00,sell,2643.385498046875,18.723742439903074
2024-08-19 22:00:00+00:00,buy,2624.3994140625,18.78383704477093
2024-08-20 11:00:00+00:00,sell,2643.53076171875,18.78383704477093
2024-08-21 17:00:00+00:00,buy,2626.622802734375,18.82920799205672
2024-08-22 02:00:00+00:00,sell,2603.128662109375,18.82920799205672
2024-08-22 03:00:00+00:00,buy,2617.78857421875,18.648942143419475
2024-08-22 05:00:00+00:00,sell,2620.568603515625,18.648942143419475
2024-08-22 07:00:00+00:00,buy,2637.5263671875,18.45499822471118
2024-08-22 13:00:00+00:00,sell,2622.345947265625,18.45499822471118
2024-08-22 23:00:00+00:00,buy,2623.24658203125,18.374941247953636
2024-08-23 14:00:00+00:00,sell,2651.362548828125,18.374941247953636
2024-08-23 16:00:00+00:00,buy,2679.1259765625,18.111858806385133
2024-08-24 04:00:00+00:00,sell,2748.1787109375,18.111858806385133
2024-08-25 17:00:00+00:00,buy,2772.48681640625,17.881320514564177
2024-08-25 23:00:00+00:00,sell,2748.298095703125,17.881320514564177
2024-08-29 06:00:00+00:00,buy,2550.79638671875,19.188839669840707
2024-08-29 18:00:00+00:00,sell,2521.16015625,19.188839669840707
2024-08-31 04:00:00+00:00,buy,2528.924072265625,19.053485831852093
2024-08-31 05:00:00+00:00,sell,2524.307373046875,19.053485831852093
2024-08-31 10:00:00+00:00,buy,2525.52197265625,18.96822132398745
2024-08-31 13:00:00+00:00,sell,2516.240478515625,18.96822132398745
2024-09-01 20:00:00+00:00,buy,2502.75390625,18.994229784785585
2024-09-01 21:00:00+00:00,sell,2485.28515625,18.994229784785585
2024-09-02 09:00:00+00:00,buy,2516.623779296875,18.682745605551254
2024-09-03 03:00:00+00:00,sell,2515.93701171875,18.682745605551254
2024-09-04 16:00:00+00:00,buy,2477.83154296875,18.894254880332333
2024-09-04 17:00:00+00:00,sell,2451.6015625,18.894254880332333
2024-09-04 21:00:00+00:00,buy,2462.939208984375,18.732125082174633
2024-09-04 23:00:00+00:00,sell,2450.208251953125,18.732125082174633
2024-09-05 00:00:00+00:00,buy,2454.6796875,18.6232854927555
2024-09-05 02:00:00+00:00,sell,2446.245361328125,18.6232854927555
2024-09-08 04:00:00+00:00,buy,2298.191162109375,19.74382297824216
2024-09-08 05:00:00+00:00,sell,2284.9853515625,19.74382297824216
2024-09-08 06:00:00+00:00,buy,2287.07958984375,19.646919836499833
2024-09-08 12:00:00+00:00,sell,2276.958984375,19.646919836499833
2024-09-08 22:00:00+00:00,buy,2293.95458984375,19.423430983619912
2024-09-09 05:00:00+00:00,sell,2288.182373046875,19.423430983619912
2024-09-09 06:00:00+00:00,buy,2304.91064453125,19.20540949110003
2024-09-09 14:00:00+00:00,sell,2279.080810546875,19.20540949110003
2024-09-09 16:00:00+00:00,buy,2343.197998046875,18.60524489522471
2024-09-10 03:00:00+00:00,sell,2341.516357421875,18.60524489522471
2024-09-10 19:00:00+00:00,buy,2381.837890625,18.217193430212728
2024-09-11 01:00:00+00:00,sell,2350.215087890625,18.217193430212728
2024-09-11 17:00:00+00:00,buy,2357.034912109375,18.091898684013096
2024-09-11 18:00:00+00:00,sell,2337.880859375,18.091898684013096
2024-09-11 20:00:00+00:00,buy,2348.166259765625,17.94067427727752
2024-09-11 21:00:00+00:00,sell,2342.922607421875,17.94067427727752
2024-09-12 00:00:00+00:00,buy,2353.23193359375,17.790700715891273
2024-09-12 10:00:00+00:00,sell,2345.506591796875,17.790700715891273
2024-09-12 19:00:00+00:00,buy,2360.223388671875,17.609121276783654
2024-09-13 04:00:00+00:00,sell,2349.9619140625,17.609121276783654
2024-09-13 10:00:00+00:00,buy,2370.84326171875,17.3842815641744
2024-09-14 05:00:00+00:00,sell,2416.660400390625,17.3842815641744
2024-09-17 12:00:00+00:00,buy,2318.911865234375,18.044681171782997
2024-09-17 13:00:00+00:00,sell,2307.193603515625,18.044681171782997
2024-09-17 14:00:00+00:00,buy,2347.3828125,17.664868718723486
2024-09-18 00:00:00+00:00,sell,2323.901611328125,17.664868718723486
2024-09-18 18:00:00+00:00,buy,2336.212890625,17.501562285512847
2024-09-18 19:00:00+00:00,sell,2314.768798828125,17.501562285512847
2024-09-18 20:00:00+00:00,buy,2326.76123046875,17.34178116255077
2024-09-19 21:00:00+00:00,sell,2463.14208984375,17.34178116255077
2024-09-20 04:00:00+00:00,buy,2538.58837890625,16.759148991840743
2024-09-20 13:00:00+00:00,sell,2527.261962890625,16.759148991840743
2024-09-21 23:00:00+00:00,buy,2614.246826171875,16.13677397830051
2024-09-22 05:00:00+00:00,sell,2582.97607421875,16.13677397830051
2024-09-23 00:00:00+00:00,buy,2596.345458984375,15.989530236267402
2024-09-23 13:00:00+00:00,sell,2643.291259765625,15.989530236267402
2024-09-23 15:00:00+00:00,buy,2674.896484375,15.737466808543315
2024-09-23 20:00:00+00:00,sell,2662.75439453125,15.737466808543315
2024-09-24 19:00:00+00:00,buy,2651.1005859375,15.743482804482706
2024-09-25 00:00:00+00:00,sell,2639.102294921875,15.743482804482706
2024-09-25 01:00:00+00:00,buy,2650.927490234375,15.61062431925045
2024-09-25 03:00:00+00:00,sell,2646.388427734375,15.61062431925045
2024-09-26 07:00:00+00:00,buy,2629.77734375,15.646455313364472
2024-09-26 08:00:00+00:00,sell,2619.444091796875,15.646455313364472
2024-09-26 10:00:00+00:00,buy,2629.94140625,15.5217293858687
2024-09-26 23:00:00+00:00,sell,2632.47314453125,15.5217293858687
2024-09-27 05:00:00+00:00,buy,2653.976318359375,15.334446197779977
2024-09-28 01:00:00+00:00,sell,2697.435302734375,15.334446197779977
2024-09-28 23:00:00+00:00,buy,2676.93896484375,15.390110798733254
2024-09-29 00:00:00+00:00,sell,2669.0927734375,15.390110798733254
2024-09-29 02:00:00+00:00,buy,2675.72900390625,15.290594537804585
2024-09-29 04:00:00+00:00,sell,2670.793212890625,15.290594537804585
2024-10-01 04:00:00+00:00,buy,2643.065185546875,15.389263807290046
2024-10-01 11:00:00+00:00,sell,2628.751953125,15.389263807290046
2024-10-04 11:00:00+00:00,buy,2385.15087890625,16.893229370090598
2024-10-04 14:00:00+00:00,sell,2366.5322265625,16.893229370090598
2024-10-04 15:00:00+00:00,buy,2415.795654296875,16.48261022029514
2024-10-05 02:00:00+00:00,sell,2401.633056640625,16.48261022029514
2024-10-06 02:00:00+00:00,buy,2416.94775390625,16.312722985231673
2024-10-06 21:00:00+00:00,sell,2417.564208984375,16.312722985231673
2024-10-07 00:00:00+00:00,buy,2487.700927734375,15.789464211522448
2024-10-07 09:00:00+00:00,sell,2457.673828125,15.789464211522448
2024-10-08 21:00:00+00:00,buy,2455.371826171875,15.741113565937882
2024-10-08 22:00:00+00:00,sell,2440.232666015625,15.741113565937882
2024-10-09 01:00:00+00:00,buy,2462.0830078125,15.539072050572688
2024-10-09 02:00:00+00:00,sell,2448.142333984375,15.539072050572688
2024-10-09 05:00:00+00:00,buy,2448.98583984375,15.47164717262185
2024-10-09 06:00:00+00:00,sell,2441.93359375,15.47164717262185
2024-10-09 15:00:00+00:00,buy,2460.0419921875,15.29639058357117
2024-10-09 16:00:00+00:00,sell,2430.9482421875,15.29639058357117
2024-10-11 01:00:00+00:00,buy,2406.238525390625,15.391717493453728
2024-10-11 02:00:00+00:00,sell,2398.70947265625,15.391717493453728
2024-10-11 03:00:00+00:00,buy,2409.5361328125,15.261329638539225
2024-10-12 00:00:00+00:00,sell,2444.562255859375,15.261329638539225
2024-10-12 13:00:00+00:00,buy,2460.830810546875,15.09985586851072
2024-10-13 01:00:00+00:00,sell,2466.4833984375,15.09985586851072
2024-10-13 22:00:00+00:00,buy,2466.359130859375,15.040274610963435
2024-10-14 00:00:00+00:00,sell,2451.796875,15.040274610963435
2024-10-14 03:00:00+00:00,buy,2519.384765625,14.578298440580792
2024-10-15 01:00:00+00:00,sell,2629.34716796875,14.578298440580792
2024-10-16 02:00:00+00:00,buy,2622.1044921875,14.560150263672638
2024-10-16 13:00:00+00:00,sell,2606.306884765625,14.560150263672638
2024-10-17 01:00:00+00:00,buy,2641.8603515625,14.306804205776972
2024-10-17 08:00:00+00:00,sell,2625.718017578125,14.306804205776972
2024-10-18 01:00:00+00:00,buy,2642.839599609375,14.157318253755285
2024-10-18 03:00:00+00:00,sell,2609.086181640625,14.157318253755285
2024-10-18 05:00:00+00:00,buy,2626.131103515625,14.009224624263494
2024-10-18 12:00:00+00:00,sell,2615.637451171875,14.009224624263494
2024-10-18 14:00:00+00:00,buy,2641.61865234375,13.816008952910558
2024-10-18 22:00:00+00:00,sell,2636.09228515625,13.816008952910558
2024-10-19 22:00:00+00:00,buy,2650.288818359375,13.687089099036896
2024-10-20 01:00:00+00:00,sell,2640.576171875,13.687089099036896
2024-10-20 08:00:00+00:00,buy,2645.948974609375,13.604713864301784
2024-10-21 06:00:00+00:00,sell,2726.333740234375,13.604713864301784
2024-10-25 09:00:00+00:00,buy,2537.077880859375,14.561151281722053
2024-10-25 15:00:00+00:00,sell,2520.656005859375,14.561151281722053
2024-10-25 16:00:00+00:00,buy,2528.907470703125,14.455643812554056
2024-10-25 17:00:00+00:00,sell,2485.17333984375,14.455643812554056
2024-10-27 13:00:00+00:00,buy,2481.98828125,14.416355411591898
2024-10-28 02:00:00+00:00,sell,2487.140625,14.416355411591898
2024-10-28 08:00:00+00:00,buy,2509.7958984375,14.229134982657447
2024-10-28 15:00:00+00:00,sell,2498.45166015625,14.229134982657447
2024-10-28 21:00:00+00:00,buy,2542.58935546875,13.92625388893111
2024-10-29 14:00:00+00:00,sell,2629.68359375,13.92625388893111
2024-10-29 15:00:00+00:00,buy,2648.609619140625,13.771490155285008
2024-10-29 19:00:00+00:00,sell,2626.012939453125,13.771490155285008
2024-10-30 09:00:00+00:00,buy,2691.032958984375,13.385045855401192
2024-10-30 17:00:00+00:00,sell,2673.204833984375,13.385045855401192
2024-11-04 02:00:00+00:00,buy,2482.23291015625,14.357229889543188
2024-11-04 04:00:00+00:00,sell,2471.1591796875,14.357229889543188
2024-11-04 06:00:00+00:00,buy,2475.515380859375,14.274694725757316
2024-11-04 07:00:00+00:00,sell,2457.651611328125,14.274694725757316
2024-11-04 11:00:00+00:00,buy,2468.685546875,14.154106407410296
2024-11-04 13:00:00+00:00,sell,2458.1279296875,14.154106407410296
2024-11-05 12:00:00+00:00,buy,2443.287353515625,14.183175377738172
2024-11-05 15:00:00+00:00,sell,2439.6337890625,14.183175377738172
2024-11-05 16:00:00+00:00,buy,2462.21240234375,13.996958689018298
2024-11-05 19:00:00+00:00,sell,2408.666259765625,13.996958689018298
2024-11-06 00:00:00+00:00,buy,2485.6943359375,13.50901456207455
2024-11-07 09:00:00+00:00,sell,2823.34716796875,13.50901456207455
2024-11-09 01:00:00+00:00,buy,2988.15771484375,12.712926037237855
2024-11-09 03:00:00+00:00,sell,2967.01123046875,12.712926037237855
2024-11-09 05:00:00+00:00,buy,3043.68115234375,12.34316794186963
2024-11-09 14:00:00+00:00,sell,3041.85205078125,12.34316794186963
2024-11-09 22:00:00+00:00,buy,3133.88720703125,11.932802321253112
2024-11-10 14:00:00+00:00,sell,3197.1103515625,11.932802321253112
2024-11-11 15:00:00+00:00,buy,3238.28759765625,11.733990677842968
2024-11-12 05:00:00+00:00,sell,3330.645263671875,11.733990677842968
2024-11-12 06:00:00+00:00,buy,3382.95703125,11.506380187715841
2024-11-12 10:00:00+00:00,sell,3275.566162109375,11.506380187715841
2024-11-13 14:00:00+00:00,buy,3324.916748046875,11.290297940413836
2024-11-13 17:00:00+00:00,sell,3277.256591796875,11.290297940413836
2024-11-16 03:00:00+00:00,buy,3154.5732421875,11.682514150292969
2024-11-16 21:00:00+00:00,sell,3156.598876953125,11.682514150292969
2024-11-17 09:00:00+00:00,buy,3140.33740234375,11.696084147916098
2024-11-17 11:00:00+00:00,sell,3105.797119140625,11.696084147916098
2024-11-18 06:00:00+00:00,buy,3146.06396484375,11.500245227363513
2024-11-18 09:00:00+00:00,sell,3108.510498046875,11.500245227363513
2024-11-18 15:00:00+00:00,buy,3144.96826171875,11.321507410815238
2024-11-19 04:00:00+00:00,sell,3131.017333984375,11.321507410815238
2024-11-20 08:00:00+00:00,buy,3126.09619140625,11.294017917521687
2024-11-20 09:00:00+00:00,sell,3120.59521484375,11.294017917521687
2024-11-20 15:00:00+00:00,buy,3132.23974609375,11.207067740171974
2024-11-20 16:00:00+00:00,sell,3093.886962890625,11.207067740171974
2024-11-21 04:00:00+00:00,buy,3131.654541015625,11.027667774894189
2024-11-22 01:00:00+00:00,sell,3323.579345703125,11.027667774894189
2024-11-23 03:00:00+00:00,buy,3347.98583984375,10.903531820057422
2024-11-23 20:00:00+00:00,sell,3407.890380859375,10.903531820057422
2024-11-25 05:00:00+00:00,buy,3385.643310546875,10.931322138694728
2024-11-25 21:00:00+00:00,sell,3438.42431640625,10.931322138694728
2024-11-27 04:00:00+00:00,buy,3399.489013671875,11.012339781739366
2024-11-28 03:00:00+00:00,sell,3600.9833984375,11.012339781739366
2024-11-29 11:00:00+00:00,buy,3596.013427734375,10.983493564695536
2024-11-29 17:00:00+00:00,sell,3586.023193359375,10.983493564695536
2024-11-30 02:00:00+00:00,buy,3624.42333984375,10.823700292798868
2024-11-30 14:00:00+00:00,sell,3655.22216796875,10.823700292798868
2024-11-30 20:00:00+00:00,buy,3713.789306640625,10.610439131360136
2024-12-01 00:00:00+00:00,sell,3691.700927734375,10.610439131360136
2024-12-01 16:00:00+00:00,buy,3728.164306640625,10.464678910677733
2024-12-01 19:00:00+00:00,sell,3709.81884765625,10.464678910677733
2024-12-02 02:00:00+00:00,buy,3741.33154296875,10.335071791804666
2024-12-02 03:00:00+00:00,sell,3691.69140625,10.335071791804666
2024-12-04 00:00:00+00:00,buy,3694.89111328125,10.28485862895987
2024-12-05 01:00:00+00:00,sell,3806.18994140625,10.28485862895987
2024-12-05 09:00:00+00:00,buy,3922.863525390625,9.939090996315604
2024-12-05 15:00:00+00:00,sell,3892.5361328125,9.939090996315604
2024-12-06 06:00:00+00:00,buy,3909.47314453125,9.856487325954392
2024-12-06 08:00:00+00:00,sell,3883.746337890625,9.856487325954392
2024-12-06 14:00:00+00:00,buy,3987.950439453125,9.560582527206341
2024-12-07 01:00:00+00:00,sell,3986.8828125,9.560582527206341
2024-12-08 22:00:00+00:00,buy,4013.029296875,9.46033635085548
2024-12-09 00:00:00+00:00,sell,3974.15673828125,9.46033635085548
2024-12-11 11:00:00+00:00,buy,3717.0634765625,10.074248836720638
2024-12-12 16:00:00+00:00,sell,3936.00537109375,10.074248836720638
2024-12-13 14:00:00+00:00,buy,3950.312744140625,9.997650694546458
2024-12-13 15:00:00+00:00,sell,3887.13525390625,9.997650694546458
2024-12-13 17:00:00+00:00,buy,3941.8525390625,9.81947616112891
2024-12-13 18:00:00+00:00,sell,3913.837646484375,9.81947616112891
2024-12-14 06:00:00+00:00,buy,3930.315185546875,9.739234653346305
2024-12-14 09:00:00+00:00,sell,3911.694580078125,9.739234653346305
2024-12-15 14:00:00+00:00,buy,3905.124755859375,9.716636092786944
2024-12-15 21:00:00+00:00,sell,3853.01611328125,9.716636092786944
2024-12-15 23:00:00+00:00,buy,3957.45263671875,9.422412644465075
2024-12-16 10:00:00+00:00,sell,3949.072265625,9.422412644465075
2024-12-16 17:00:00+00:00,buy,4033.569580078125,9.188163833328291
2024-12-17 00:00:00+00:00,sell,3960.614013671875,9.188163833328291
2024-12-21 02:00:00+00:00,buy,3475.379638671875,10.429178014455237
2024-12-21 03:00:00+00:00,sell,3464.98291015625,10.429178014455237
2024-12-21 04:00:00+00:00,buy,3481.161376953125,10.339227787225742
2024-12-21 11:00:00+00:00,sell,3442.275390625,10.339227787225742
2024-12-23 10:00:00+00:00,buy,3346.607421875,10.592294041638784
2024-12-23 11:00:00+00:00,sell,3335.2216796875,10.592294041638784
2024-12-23 12:00:00+00:00,buy,3346.1953125,10.515369294060628
2024-12-23 13:00:00+00:00,sell,3312.912109375,10.515369294060628
2024-12-23 16:00:00+00:00,buy,3370.874267578125,10.29326070434368
2024-12-23 18:00:00+00:00,sell,3300.1796875,10.29326070434368
2024-12-23 19:00:00+00:00,buy,3334.8876953125,10.145429299173934
2024-12-24 09:00:00+00:00,sell,3396.9853515625,10.145429299173934
2024-12-24 13:00:00+00:00,buy,3449.196044921875,9.951929848053847
2024-12-25 01:00:00+00:00,sell,3471.795654296875,9.951929848053847
2024-12-27 09:00:00+00:00,buy,3418.929443359375,10.065431681327993
2024-12-27 10:00:00+00:00,sell,3396.24658203125,10.065431681327993
2024-12-27 11:00:00+00:00,buy,3414.86962890625,9.970537569909746
2024-12-27 13:00:00+00:00,sell,3383.7958984375,9.970537569909746
2024-12-28 11:00:00+00:00,buy,3354.60205078125,10.017118430775165
2024-12-28 12:00:00+00:00,sell,3348.193603515625,10.017118430775165
2024-12-28 13:00:00+00:00,buy,3360.328369140625,9.941060912957173
2024-12-29 03:00:00+00:00,sell,3376.63818359375,9.941060912957173
2024-12-29 09:00:00+00:00,buy,3399.751220703125,9.834022697465185
2024-12-29 11:00:00+00:00,sell,3393.892333984375,9.834022697465185
2024-12-30 01:00:00+00:00,buy,3413.688720703125,9.737925162603815
2024-12-30 13:00:00+00:00,sell,3332.224609375,9.737925162603815
2024-12-30 20:00:00+00:00,buy,3394.919921875,9.519896962271156
2024-12-30 21:00:00+00:00,sell,3314.93896484375,9.519896962271156
2024-12-31 08:00:00+00:00,buy,3375.1103515625,9.312813161490391
2024-12-31 17:00:00+00:00,sell,3358.93994140625,9.312813161490391
2025-01-01 20:00:00+00:00,buy,3353.346923828125,9.291069849628608
2025-01-02 20:00:00+00:00,sell,3449.846435546875,9.291069849628608
2025-01-03 14:00:00+00:00,buy,3524.265380859375,9.058535015776194
2025-01-04 03:00:00+00:00,sell,3594.50048828125,9.058535015776194
2025-01-04 22:00:00+00:00,buy,3660.59130859375,8.859441661971216
2025-01-05 00:00:00+00:00,sell,3649.694580078125,8.859441661971216
2025-01-05 21:00:00+00:00,buy,3644.103515625,8.837577854275416
2025-01-06 00:00:00+00:00,sell,3622.58056640625,8.837577854275416
2025-01-06 01:00:00+00:00,buy,3646.034423828125,8.74564054820857
2025-01-06 09:00:00+00:00,sell,3644.60693359375,8.74564054820857
2025-01-06 14:00:00+00:00,buy,3680.56689453125,8.62558755197647
2025-01-06 22:00:00+00:00,sell,3680.025634765625,8.62558755197647
2025-01-10 07:00:00+00:00,buy,3295.34228515625,9.59400815050631
2025-01-10 13:00:00+00:00,sell,3247.715576171875,9.59400815050631
2025-01-10 17:00:00+00:00,buy,3315.30810546875,9.360849404232649
2025-01-10 20:00:00+00:00,sell,3260.348876953125,9.360849404232649
2025-01-11 11:00:00+00:00,buy,3273.58740234375,9.285739051849813
2025-01-12 05:00:00+00:00,sell,3279.254638671875,9.285739051849813
2025-01-12 15:00:00+00:00,buy,3285.49462890625,9.231067730932768
2025-01-12 21:00:00+00:00,sell,3265.219970703125,9.231067730932768
2025-01-13 00:00:00+00:00,buy,3308.089599609375,9.07503273446487
2025-01-13 01:00:00+00:00,sell,3259.26904296875,9.07503273446487
2025-01-14 08:00:00+00:00,buy,3183.24560546875,9.254636093309811
2025-01-15 02:00:00+00:00,sell,3214.50244140625,9.254636093309811
2025-01-15 03:00:00+00:00,buy,3239.353271484375,9.146940956405622
2025-01-15 04:00:00+00:00,sell,3226.157958984375,9.146940956405622
2025-01-15 13:00:00+00:00,buy,3297.915771484375,8.912161054397444
2025-01-16 03:00:00+00:00,sell,3361.6484375,8.912161054397444
2025-01-17 02:00:00+00:00,buy,3372.79638671875,8.84720881160855
2025-01-18 03:00:00+00:00,sell,3382.810791015625,8.84720881160855
2025-01-19 14:00:00+00:00,buy,3377.24951171875,8.826365749650593
2025-01-19 21:00:00+00:00,sell,3230.648681640625,8.826365749650593
2025-01-20 06:00:00+00:00,buy,3398.051025390625,8.358009097752777
2025-01-20 12:00:00+00:00,sell,3293.38916015625,8.358009097752777
2025-01-20 13:00:00+00:00,buy,3337.73388671875,8.214010730625589
2025-01-20 17:00:00+00:00,sell,3290.072021484375,8.214010730625589
2025-01-21 10:00:00+00:00,buy,3300.257568359375,8.15593803897435
2025-01-21 13:00:00+00:00,sell,3305.509521484375,8.15593803897435
2025-01-21 16:00:00+00:00,buy,3312.76171875,8.105563526417404
2025-01-22 05:00:00+00:00,sell,3319.3701171875,8.105563526417404
2025-01-23 22:00:00+00:00,buy,3321.6982421875,8.067515336660552
2025-01-24 16:00:00+00:00,sell,3381.31591796875,8.067515336660552
2025-01-25 15:00:00+00:00,buy,3335.7265625,8.145095636709348
2025-01-25 22:00:00+00:00,sell,3334.76904296875,8.145095636709348
2025-01-26 04:00:00+00:00,buy,3351.3896484375,8.07231513377056
2025-01-26 07:00:00+00:00,sell,3338.066650390625,8.07231513377056
2025-01-26 17:00:00+00:00,buy,3337.0361328125,8.042541030806646
2025-01-26 21:00:00+00:00,sell,3298.339111328125,8.042541030806646
2025-01-28 04:00:00+00:00,buy,3213.552490234375,8.221750139207735
2025-01-28 06:00:00+00:00,sell,3194.796142578125,8.221750139207735
2025-01-28 09:00:00+00:00,buy,3195.748046875,8.186456832949425
2025-01-28 11:00:00+00:00,sell,3186.939453125,8.186456832949425
2025-01-29 06:00:00+00:00,buy,3146.519287109375,8.258486689914292
2025-01-29 09:00:00+00:00,sell,3128.79150390625,8.258486689914292
2025-01-30 02:00:00+00:00,buy,3154.103271484375,8.15947602209766
2025-01-30 21:00:00+00:00,sell,3244.294189453125,8.15947602209766
2025-01-31 11:00:00+00:00,buy,3335.1220703125,7.905545589033191
2025-01-31 20:00:00+00:00,sell,3317.912841796875,7.905545589033191
2025-02-03 22:00:00+00:00,buy,2867.51513671875,9.11070918909891
2025-02-04 00:00:00+00:00,sell,2842.88720703125,9.11070918909891
2025-02-04 01:00:00+00:00,buy,2855.581298828125,9.03396423688926
2025-02-04 02:00:00+00:00,sell,2803.9345703125,9.03396423688926
2025-02-04 12:00:00+00:00,buy,2807.302490234375,8.987069780545678
2025-02-04 20:00:00+00:00,sell,2733.2333984375,8.987069780545678
2025-02-05 05:00:00+00:00,buy,2784.705078125,8.785706855776999
2025-02-05 06:00:00+00:00,sell,2744.06494140625,8.785706855776999
2025-02-05 07:00:00+00:00,buy,2760.6201171875,8.698122661802778
2025-02-05 17:00:00+00:00,sell,2744.014892578125,8.698122661802778
2025-02-05 23:00:00+00:00,buy,2788.2939453125,8.525787792226637
2025-02-06 00:00:00+00:00,sell,2767.7216796875,8.525787792226637
2025-02-06 01:00:00+00:00,buy,2790.723876953125,8.421726800078707
2025-02-06 12:00:00+00:00,sell,2771.856201171875,8.421726800078707
2025-02-07 11:00:00+00:00,buy,2764.221435546875,8.411241396590489
2025-02-07 12:00:00+00:00,sell,2758.441162109375,8.411241396590489
2025-02-07 13:00:00+00:00,buy,2779.526123046875,8.314078954274546
2025-02-07 15:00:00+00:00,sell,2718.418212890625,8.314078954274546
2025-02-09 03:00:00+00:00,buy,2675.36669921875,8.414109919678623
2025-02-09 13:00:00+00:00,sell,2619.222412109375,8.414109919678623
2025-02-10 05:00:00+00:00,buy,2640.095947265625,8.31422803208766
2025-02-10 23:00:00+00:00,sell,2661.48681640625,8.31422803208766
2025-02-11 00:00:00+00:00,buy,2705.97119140625,8.144870147043974
2025-02-11 12:00:00+00:00,sell,2688.361083984375,8.144870147043974
2025-02-12 16:00:00+00:00,buy,2648.59765625,8.234113650147647
2025-02-13 07:00:00+00:00,sell,2681.68115234375,8.234113650147647
2025-02-13 23:00:00+00:00,buy,2676.2041015625,8.217994518638852
2025-02-14 22:00:00+00:00,sell,2718.134765625,8.217994518638852
2025-02-16 06:00:00+00:00,buy,2708.68212890625,8.213719598710838
2025-02-16 07:00:00+00:00,sell,2695.24267578125,8.213719598710838
2025-02-16 11:00:00+00:00,buy,2712.0263671875,8.13026913662556
2025-02-16 12:00:00+00:00,sell,2706.003662109375,8.13026913662556
2025-02-17 08:00:00+00:00,buy,2713.816650390625,8.074467338982226
2025-02-17 18:00:00+00:00,sell,2700.66015625,8.074467338982226
2025-02-17 21:00:00+00:00,buy,2776.6142578125,7.822207863727501
2025-02-17 22:00:00+00:00,sell,2741.146728515625,7.822207863727501
2025-02-19 06:00:00+00:00,buy,2699.62939453125,7.91076657706577
2025-02-19 14:00:00+00:00,sell,2690.145263671875,7.91076657706577
2025-02-19 16:00:00+00:00,buy,2711.256591796875,7.817803738283349
2025-02-20 09:00:00+00:00,sell,2726.43701171875,7.817803738283349
2025-02-20 10:00:00+00:00,buy,2745.81298828125,7.731617489669557
2025-02-20 14:00:00+00:00,sell,2729.120849609375,7.731617489669557
2025-02-21 04:00:00+00:00,buy,2752.003173828125,7.636692072245104
2025-02-21 15:00:00+00:00,sell,2723.18603515625,7.636692072245104
2025-02-22 10:00:00+00:00,buy,2732.067626953125,7.581449175449276
2025-02-23 02:00:00+00:00,sell,2751.65185546875,7.581449175449276
2025-02-23 06:00:00+00:00,buy,2793.975830078125,7.436766588441719
2025-02-23 14:00:00+00:00,sell,2792.0341796875,7.436766588441719
2025-03-01 01:00:00+00:00,buy,2252.073974609375,9.182973100914785
2025-03-01 06:00:00+00:00,sell,2235.133056640625,9.182973100914785
2025-03-01 19:00:00+00:00,buy,2222.100830078125,9.199919235483168
2025-03-02 02:00:00+00:00,sell,2208.796875,9.199919235483168
2025-03-02 03:00:00+00:00,buy,2219.189453125,9.120244826627095
2025-03-02 08:00:00+00:00,sell,2211.90283203125,9.120244826627095
2025-03-02 09:00:00+00:00,buy,2241.403076171875,8.964243819139027
2025-03-02 13:00:00+00:00,sell,2211.729736328125,8.964243819139027
2025-03-02 16:00:00+00:00,buy,2444.736572265625,8.077458410027969
2025-03-03 03:00:00+00:00,sell,2439.88134765625,8.077458410027969
2025-03-05 06:00:00+00:00,buy,2190.356201171875,8.961687040815752
2025-03-05 14:00:00+00:00,sell,2191.700927734375,8.961687040815752
2025-03-05 20:00:00+00:00,buy,2232.4794921875,8.76283570981332
2025-03-06 12:00:00+00:00,sell,2269.065673828125,8.76283570981332
2025-03-07 14:00:00+00:00,buy,2222.05517578125,8.912467910483176
2025-03-07 15:00:00+00:00,sell,2208.80712890625,8.912467910483176
2025-03-08 13:00:00+00:00,buy,2189.177490234375,8.95644953291914
2025-03-09 02:00:00+00:00,sell,2181.8212890625,8.95644953291914
2025-03-10 11:00:00+00:00,buy,2128.19287109375,9.145451620539324
2025-03-10 12:00:00+00:00,sell,2126.0126953125,9.145451620539324
2025-03-12 12:00:00+00:00,buy,1929.387451171875,10.037201509866254
2025-03-12 13:00:00+00:00,sell,1886.57177734375,10.037201509866254
2025-03-12 22:00:00+00:00,buy,1910.1854248046875,9.873509129717307
2025-03-13 02:00:00+00:00,sell,1889.238037109375,9.873509129717307
2025-03-13 10:00:00+00:00,buy,1899.9759521484375,9.778476387664679
2025-03-13 11:00:00+00:00,sell,1899.033203125,9.778476387664679
2025-03-14 02:00:00+00:00,buy,1892.591552734375,9.772550755966316
2025-03-14 23:00:00+00:00,sell,1910.859619140625,9.772550755966316
2025-03-15 16:00:00+00:00,buy,1938.0216064453125,9.59708155943679
2025-03-16 00:00:00+00:00,sell,1933.067626953125,9.59708155943679
2025-03-17 15:00:00+00:00,buy,1918.490478515625,9.63136114524802
2025-03-18 01:00:00+00:00,sell,1903.4490966796875,9.63136114524802
2025-03-18 19:00:00+00:00,buy,1904.3193359375,9.588490457281834
2025-03-20 00:00:00+00:00,sell,2034.1680908203125,9.588490457281834
2025-03-22 03:00:00+00:00,buy,1985.85400390625,9.782522230849171
2025-03-22 16:00:00+00:00,sell,1984.574462890625,9.782522230849171
2025-03-22 18:00:00+00:00,buy,1995.3358154296875,9.690882473938972
2025-03-22 21:00:00+00:00,sell,1986.70947265625,9.690882473938972
2025-03-23 02:00:00+00:00,buy,2002.1741943359375,9.577604787563285
2025-03-23 15:00:00+00:00,sell,2006.99658203125,9.577604787563285
2025-03-24 04:00:00+00:00,buy,2040.245361328125,9.383875314296628
2025-03-24 20:00:00+00:00,sell,2084.41162109375,9.383875314296628
2025-03-25 17:00:00+00:00,buy,2077.08935546875,9.379325693972882
2025-03-25 18:00:00+00:00,sell,2063.7841796875,9.379325693972882
2025-03-25 19:00:00+00:00,buy,2077.031005859375,9.282265763318863
2025-03-25 20:00:00+00:00,sell,2067.067626953125,9.282265763318863
2025-03-26 10:00:00+00:00,buy,2073.64453125,9.215851241697473
2025-03-26 11:00:00+00:00,sell,2069.432373046875,9.215851241697473
2025-03-31 12:00:00+00:00,buy,1835.283447265625,10.350101994195317
2025-03-31 13:00:00+00:00,sell,1818.1026611328125,10.350101994195317
2025-03-31 14:00:00+00:00,buy,1843.010986328125,10.169420147766303
2025-03-31 20:00:00+00:00,sell,1824.521484375,10.169420147766303
2025-03-31 21:00:00+00:00,buy,1824.38232421875,10.129555747739747
2025-04-02 00:00:00+00:00,sell,1889.7196044921875,10.129555747739747
2025-04-02 15:00:00+00:00,buy,1900.20458984375,10.033408334532632
2025-04-02 20:00:00+00:00,sell,1882.0501708984375,10.033408334532632
2025-04-04 08:00:00+00:00,buy,1828.5478515625,10.28571381200563
2025-04-04 10:00:00+00:00,sell,1782.6868896484375,10.28571381200563
2025-04-04 17:00:00+00:00,buy,1820.64208984375,10.03104112630997
2025-04-04 18:00:00+00:00,sell,1805.236328125,10.03104112630997
2025-04-04 19:00:00+00:00,buy,1810.2271728515625,9.96341175009447
2025-04-05 03:00:00+00:00,sell,1809.692626953125,9.96341175009447
2025-04-05 09:00:00+00:00,buy,1820.5750732421875,9.86427987458908
2025-04-05 11:00:00+00:00,sell,1807.0694580078125,9.86427987458908
2025-04-05 23:00:00+00:00,buy,1805.639404296875,9.832643433993809
2025-04-06 06:00:00+00:00,sell,1798.9439697265625,9.832643433993809
2025-04-09 17:00:00+00:00,buy,1634.4185791015625,10.779179882297525
2025-04-10 05:00:00+00:00,sell,1616.7921142578125,10.779179882297525
2025-04-11 09:00:00+00:00,buy,1561.9449462890625,11.113101016620199
2025-04-11 11:00:00+00:00,sell,1557.334716796875,11.113101016620199
2025-04-11 13:00:00+00:00,buy,1561.64306640625,11.038156125711838
2025-04-11 14:00:00+00:00,sell,1555.52734375,11.038156125711838
2025-04-11 17:00:00+00:00,buy,1577.8865966796875,10.838257819044117
2025-04-11 18:00:00+00:00,sell,1561.68017578125,10.838257819044117
2025-04-11 21:00:00+00:00,buy,1572.451171875,10.721004767334627
2025-04-11 22:00:00+00:00,sell,1565.868408203125,10.721004767334627
2025-04-12 06:00:00+00:00,buy,1572.88427734375,10.630533555624929
2025-04-13 00:00:00+00:00,sell,1642.3988037109375,10.630533555624929
2025-04-13 18:00:00+00:00,buy,1629.36962890625,10.67272080072142
2025-04-13 19:00:00+00:00,sell,1588.65087890625,10.67272080072142
2025-04-14 01:00:00+00:00,buy,1616.46728515625,10.447148759055958
2025-04-14 15:00:00+00:00,sell,1628.5146484375,10.447148759055958
2025-04-15 08:00:00+00:00,buy,1640.5731201171875,10.32892060397948
2025-04-15 10:00:00+00:00,sell,1632.697021484375,10.32892060397948
2025-04-17 05:00:00+00:00,buy,1598.5985107421875,10.507084334664006
2025-04-17 08:00:00+00:00,sell,1595.7725830078125,10.507084334664006
2025-04-17 11:00:00+00:00,buy,1593.4122314453125,10.480600172557962
2025-04-17 14:00:00+00:00,sell,1569.7130126953125,10.480600172557962
2025-04-17 16:00:00+00:00,buy,1605.23291015625,10.20773623335259
2025-04-17 19:00:00+00:00,sell,1581.98486328125,10.20773623335259
2025-04-18 09:00:00+00:00,buy,1588.478759765625,10.125382393531789
2025-04-18 10:00:00+00:00,sell,1583.5491943359375,10.125382393531789
2025-04-18 11:00:00+00:00,buy,1590.244140625,10.042463729488766
2025-04-18 15:00:00+00:00,sell,1582.7696533203125,10.042463729488766
2025-04-18 17:00:00+00:00,buy,1590.859375,9.951470907282216
2025-04-18 23:00:00+00:00,sell,1588.727294921875,9.951470907282216
2025-04-19 02:00:00+00:00,buy,1592.0335693359375,9.89112058011583
2025-04-19 12:00:00+00:00,sell,1596.988037109375,9.89112058011583
2025-04-19 13:00:00+00:00,buy,1604.3330078125,9.806493005182123
2025-04-20 03:00:00+00:00,sell,1611.3419189453125,9.806493005182123
2025-04-21 00:00:00+00:00,buy,1609.0545654296875,9.781190985475215
2025-04-21 13:00:00+00:00,sell,1612.3983154296875,9.781190985475215
2025-04-22 07:00:00+00:00,buy,1619.1259765625,9.701625739127222
2025-04-23 09:00:00+00:00,sell,1786.12744140625,9.701625739127222
2025-04-25 06:00:00+00:00,buy,1777.3861083984375,9.710380783826597
2025-04-25 10:00:00+00:00,sell,1772.001953125,9.710380783826597
2025-04-25 11:00:00+00:00,buy,1789.5208740234375,9.576895992497086
2025-04-25 13:00:00+00:00,sell,1770.8551025390625,9.576895992497086
2025-04-25 14:00:00+00:00,buy,1808.3172607421875,9.341018945153417
2025-04-25 23:00:00+00:00,sell,1786.1961669921875,9.341018945153417
2025-04-26 01:00:00+00:00,buy,1808.1148681640625,9.190909105866032
2025-04-26 04:00:00+00:00,sell,1792.7840576171875,9.190909105866032
2025-04-26 19:00:00+00:00,buy,1813.8841552734375,9.047695752936626
2025-04-27 04:00:00+00:00,sell,1799.073974609375,9.047695752936626
2025-04-28 06:00:00+00:00,buy,1805.2445068359375,8.98073868218901
2025-04-28 13:00:00+00:00,sell,1784.7332763671875,8.98073868218901
2025-04-28 22:00:00+00:00,buy,1802.040283203125,8.858944243070566
2025-04-29 02:00:00+00:00,sell,1796.30322265625,8.858944243070566
2025-04-29 03:00:00+00:00,buy,1802.40625,8.793666991660412
2025-04-29 04:00:00+00:00,sell,1793.144287109375,8.793666991660412
2025-04-29 06:00:00+00:00,buy,1823.457763671875,8.612924225649259
2025-04-29 16:00:00+00:00,sell,1816.9462890625,8.612924225649259
2025-04-29 17:00:00+00:00,buy,1826.1407470703125,8.53531495248627
2025-04-29 19:00:00+00:00,sell,1822.7178955078125,8.53531495248627
2025-04-30 11:00:00+00:00,buy,1815.82666015625,8.533470728430238
2025-04-30 12:00:00+00:00,sell,1777.085693359375,8.533470728430238
2025-05-01 01:00:00+00:00,buy,1810.4068603515625,8.342937104818263
2025-05-01 21:00:00+00:00,sell,1844.2593994140625,8.342937104818263
2025-05-02 16:00:00+00:00,buy,1852.7283935546875,8.271614777998838
2025-05-02 21:00:00+00:00,sell,1838.55859375,8.271614777998838
2025-05-03 19:00:00+00:00,buy,1838.5780029296875,8.238474433937384
2025-05-03 23:00:00+00:00,sell,1833.2442626953125,8.238474433937384
2025-05-04 00:00:00+00:00,buy,1837.17919921875,8.187978540341097
2025-05-04 02:00:00+00:00,sell,1834.5592041015625,8.187978540341097
2025-05-04 05:00:00+00:00,buy,1846.1328125,8.104133165618462
2025-05-04 08:00:00+00:00,sell,1832.1246337890625,8.104133165618462
2025-05-04 20:00:00+00:00,buy,1836.2225341796875,8.053735315876727
2025-05-04 22:00:00+00:00,sell,1818.1025390625,8.053735315876727
2025-05-05 08:00:00+00:00,buy,1828.2713623046875,7.976936810905374
2025-05-05 09:00:00+00:00,sell,1823.741943359375,7.976936810905374
2025-05-05 22:00:00+00:00,buy,1825.986572265625,7.93529435330281
2025-05-05 23:00:00+00:00,sell,1819.93798828125,7.93529435330281
2025-05-06 22:00:00+00:00,buy,1811.3759765625,7.940943581174109
2025-05-07 14:00:00+00:00,sell,1822.749267578125,7.940943581174109
2025-05-08 02:00:00+00:00,buy,1841.7039794921875,7.827810417964079
2025-05-09 14:00:00+00:00,sell,2307.65625,7.827810417964079
2025-05-10 14:00:00+00:00,buy,2432.883544921875,7.395221339478824
2025-05-11 03:00:00+00:00,sell,2538.29541015625,7.395221339478824
2025-05-12 07:00:00+00:00,buy,2552.8076171875,7.323797655845298
2025-05-12 14:00:00+00:00,sell,2505.787353515625,7.323797655845298
2025-05-13 11:00:00+00:00,buy,2513.07958984375,7.273365120997333
2025-05-14 04:00:00+00:00,sell,2669.681884765625,7.273365120997333
2025-05-16 05:00:00+00:00,buy,2595.12451171875,7.452427967654248
2025-05-16 08:00:00+00:00,sell,2573.19775390625,7.452427967654248
2025-05-16 09:00:00+00:00,buy,2612.1513671875,7.311958093276378
2025-05-16 17:00:00+00:00,sell,2577.51806640625,7.311958093276378
2025-05-18 13:00:00+00:00,buy,2541.6982421875,7.38537421363647
2025-05-18 17:00:00+00:00,sell,2489.6171875,7.38537421363647
2025-05-19 15:00:00+00:00,buy,2467.01708984375,7.42324857921973
2025-05-20 09:00:00+00:00,sell,2526.989501953125,7.42324857921973
2025-05-20 23:00:00+00:00,buy,2524.744140625,7.400160704765998
2025-05-21 09:00:00+00:00,sell,2524.92236328125,7.400160704765998
2025-05-21 14:00:00+00:00,buy,2576.492919921875,7.223061443618007
2025-05-21 17:00:00+00:00,sell,2471.871337890625,7.223061443618007
2025-05-22 00:00:00+00:00,buy,2586.005615234375,6.876679599316152
2025-05-22 17:00:00+00:00,sell,2659.58544921875,6.876679599316152
2025-05-23 02:00:00+00:00,buy,2707.420654296875,6.728187457990085
2025-05-23 06:00:00+00:00,sell,2656.73046875,6.728187457990085
2025-05-25 22:00:00+00:00,buy,2550.322998046875,6.980900933012995
2025-05-26 13:00:00+00:00,sell,2552.398681640625,6.980900933012995
2025-05-27 05:00:00+00:00,buy,2570.097900390625,6.9051227341207015
2025-05-27 22:00:00+00:00,sell,2660.74658203125,6.9051227341207015
2025-05-28 23:00:00+00:00,buy,2681.9375,6.823188115901851
2025-05-29 11:00:00+00:00,sell,2716.98046875,6.823188115901851
2025-06-01 16:00:00+00:00,buy,2539.7099609375,7.2702747195549415
2025-06-01 18:00:00+00:00,sell,2520.575927734375,7.2702747195549415
2025-06-01 19:00:00+00:00,buy,2526.709716796875,7.223644056982328
2025-06-02 02:00:00+00:00,sell,2509.2841796875,7.223644056982328
2025-06-02 14:00:00+00:00,buy,2532.008544921875,7.1302064085774735
2025-06-03 10:00:00+00:00,sell,2613.26220703125,7.1302064085774735
2025-06-03 14:00:00+00:00,buy,2650.64697265625,7.0015514189435555
2025-06-03 15:00:00+00:00,sell,2624.585693359375,7.0015514189435555
2025-06-04 08:00:00+00:00,buy,2641.9814453125,6.927656716097497
2025-06-04 11:00:00+00:00,sell,2626.379150390625,6.927656716097497
2025-06-04 15:00:00+00:00,buy,2669.251708984375,6.789148908361673
2025-06-04 18:00:00+00:00,sell,2630.234130859375,6.789148908361673
2025-06-05 12:00:00+00:00,buy,2632.732666015625,6.755602128289032
2025-06-05 13:00:00+00:00,sell,2592.796630859375,6.755602128289032
2025-06-07 12:00:00+00:00,buy,2499.386474609375,6.980076538279241
2025-06-08 03:00:00+00:00,sell,2512.997314453125,6.980076538279241
2025-06-08 16:00:00+00:00,buy,2528.2841796875,6.910148884768687
2025-06-08 22:00:00+00:00,sell,2505.171142578125,6.910148884768687
2025-06-09 10:00:00+00:00,buy,2536.669677734375,6.7970735608566475
2025-06-10 08:00:00+00:00,sell,2673.921630859375,6.7970735608566475
2025-06-10 11:00:00+00:00,buy,2774.241455078125,6.5251044818273
2025-06-10 16:00:00+00:00,sell,2730.97021484375,6.5251044818273
2025-06-10 22:00:00+00:00,buy,2803.297607421875,6.331349820701458
2025-06-11 01:00:00+00:00,sell,2784.528076171875,6.331349820701458
2025-06-11 15:00:00+00:00,buy,2865.2900390625,6.128305452629282
2025-06-11 19:00:00+00:00,sell,2811.96044921875,6.128305452629282
2025-06-15 00:00:00+00:00,buy,2538.3662109375,6.761708062282378
2025-06-15 01:00:00+00:00,sell,2530.2275390625,6.761708062282378
2025-06-15 04:00:00+00:00,buy,2544.3330078125,6.697351994728438
2025-06-15 06:00:00+00:00,sell,2536.65869140625,6.697351994728438
2025-06-15 13:00:00+00:00,buy,2543.234130859375,6.653342809658821
2025-06-15 19:00:00+00:00,sell,2537.40283203125,6.653342809658821
2025-06-15 23:00:00+00:00,buy,2547.73828125,6.5998731882090915
2025-06-16 22:00:00+00:00,sell,2572.409423828125,6.5998731882090915
2025-06-19 08:00:00+00:00,buy,2524.02783203125,6.699503617665553
2025-06-19 13:00:00+00:00,sell,2510.533447265625,6.699503617665553
2025-06-19 22:00:00+00:00,buy,2524.713623046875,6.635254677982995
2025-06-20 04:00:00+00:00,sell,2505.18505859375,6.635254677982995
2025-06-20 06:00:00+00:00,buy,2521.58837890625,6.565749328633527
2025-06-20 14:00:00+00:00,sell,2492.349609375,6.565749328633527
2025-06-23 13:00:00+00:00,buy,2296.022216796875,7.0986907446763015
2025-06-23 15:00:00+00:00,sell,2250.776611328125,7.0986907446763015
2025-06-23 17:00:00+00:00,buy,2277.38720703125,6.987709728020004
2025-06-24 10:00:00+00:00,sell,2415.572021484375,6.987709728020004
2025-06-24 16:00:00+00:00,buy,2480.34423828125,6.778037542772886
2025-06-24 18:00:00+00:00,sell,2437.716552734375,6.778037542772886
2025-06-26 01:00:00+00:00,buy,2460.19873046875,6.689259881221816
2025-06-26 11:00:00+00:00,sell,2451.41552734375,6.689259881221816
2025-06-27 03:00:00+00:00,buy,2447.2353515625,6.673910010045369
2025-06-27 05:00:00+00:00,sell,2440.489013671875,6.673910010045369
2025-06-27 06:00:00+00:00,buy,2449.9384765625,6.621602520687566
2025-06-27 12:00:00+00:00,sell,2430.578857421875,6.621602520687566
2025-06-28 15:00:00+00:00,buy,2437.475341796875,6.57648259373557
2025-06-29 01:00:00+00:00,sell,2430.431396484375,6.57648259373557
2025-06-29 07:00:00+00:00,buy,2440.053466796875,6.524372996960765
2025-06-29 15:00:00+00:00,sell,2437.70166015625,6.524372996960765
2025-06-29 22:00:00+00:00,buy,2510.869140625,6.308939143113466
2025-06-30 06:00:00+00:00,sell,2465.527587890625,6.308939143113466
2025-06-30 18:00:00+00:00,buy,2486.7578125,6.2300824773593195
2025-07-01 02:00:00+00:00,sell,2484.105712890625,6.2300824773593195
2025-07-02 10:00:00+00:00,buy,2453.40380859375,6.282838801600315
2025-07-02 11:00:00+00:00,sell,2446.563232421875,6.282838801600315
2025-07-02 14:00:00+00:00,buy,2470.64306640625,6.1967423183143575
2025-07-03 03:00:00+00:00,sell,2562.349609375,6.1967423183143575
2025-07-06 06:00:00+00:00,buy,2522.628173828125,6.269164458976645
2025-07-06 08:00:00+00:00,sell,2513.544189453125,6.269164458976645
2025-07-06 11:00:00+00:00,buy,2516.492919921875,6.236796264369099
2025-07-07 06:00:00+00:00,sell,2565.578369140625,6.236796264369099
2025-07-07 08:00:00+00:00,buy,2585.349609375,6.164369250648113
2025-07-07 09:00:00+00:00,sell,2572.555908203125,6.164369250648113
2025-07-08 05:00:00+00:00,buy,2551.91259765625,6.189402899300168
2025-07-08 08:00:00+00:00,sell,2546.991455078125,6.189402899300168
2025-07-08 09:00:00+00:00,buy,2552.52978515625,6.151294304223422
2025-07-09 03:00:00+00:00,sell,2592.135009765625,6.151294304223422
2025-07-09 06:00:00+00:00,buy,2631.85986328125,6.034238137666439
2025-07-09 08:00:00+00:00,sell,2613.1435546875,6.034238137666439
2025-07-09 12:00:00+00:00,buy,2660.722900390625,5.902651586123927
2025-07-10 08:00:00+00:00,sell,2789.60595703125,5.902651586123927
2025-07-10 21:00:00+00:00,buy,2972.851318359375,5.516681410142788
2025-07-11 11:00:00+00:00,sell,2985.54833984375,5.516681410142788
2025-07-13 07:00:00+00:00,buy,2963.6728515625,5.5351938126450255
2025-07-13 08:00:00+00:00,sell,2956.687744140625,5.5351938126450255
2025-07-13 11:00:00+00:00,buy,2964.80029296875,5.497989814180056
2025-07-13 21:00:00+00:00,sell,2965.66552734375,5.497989814180056
2025-07-14 03:00:00+00:00,buy,3037.75830078125,5.346061693839597
2025-07-14 14:00:00+00:00,sell,3028.45361328125,5.346061693839597
2025-07-15 12:00:00+00:00,buy,3001.144287109375,5.373151662378104
2025-07-15 14:00:00+00:00,sell,2971.520751953125,5.373151662378104
2025-07-15 15:00:00+00:00,buy,3038.00439453125,5.234564451528962
2025-07-16 12:00:00+00:00,sell,3167.049072265625,5.234564451528962
2025-07-16 13:00:00+00:00,buy,3197.685791015625,5.163695682312578
2025-07-17 02:00:00+00:00,sell,3348.798095703125,5.163695682312578
2025-07-17 07:00:00+00:00,buy,3449.12255859375,4.993465568926338
2025-07-17 12:00:00+00:00,sell,3428.198486328125,4.993465568926338
2025-07-18 00:00:00+00:00,buy,3541.177490234375,4.814834969975233
2025-07-18 11:00:00+00:00,sell,3612.23583984375,4.814834969975233
2025-07-19 21:00:00+00:00,buy,3573.363525390625,4.847763069696565
2025-07-20 20:00:00+00:00,sell,3741.8984375,4.847763069696565
2025-07-21 12:00:00+00:00,buy,3811.524658203125,4.7401897894345675
2025-07-21 16:00:00+00:00,sell,3773.846923828125,4.7401897894345675
2025-07-22 23:00:00+00:00,buy,3748.70849609375,4.752908161882131
2025-07-23 00:00:00+00:00,sell,3728.265625,4.752908161882131
2025-07-23 02:00:00+00:00,buy,3746.335693359375,4.711081981775734
2025-07-23 03:00:00+00:00,sell,3729.445556640625,4.711081981775734
2025-07-24 14:00:00+00:00,buy,3737.07275390625,4.682679813886669
2025-07-25 00:00:00+00:00,sell,3659.860595703125,4.682679813886669
2025-07-25 10:00:00+00:00,buy,3720.18994140625,4.588333480944442
2025-07-25 14:00:00+00:00,sell,3629.913818359375,4.588333480944442
2025-07-25 21:00:00+00:00,buy,3719.497314453125,4.459930819645656
2025-07-26 13:00:00+00:00,sell,3744.599365234375,4.459930819645656
2025-07-27 02:00:00+00:00,buy,3785.155029296875,4.394514405259583
2025-07-27 08:00:00+00:00,sell,3772.325927734375,4.394514405259583
2025-07-27 10:00:00+00:00,buy,3818.67041015625,4.323833953956452
2025-07-28 09:00:00+00:00,sell,3893.135498046875,4.323833953956452
2025-07-29 06:00:00+00:00,buy,3829.39990234375,4.378233177166307
2025-07-29 10:00:00+00:00,sell,3829.19287109375,4.378233177166307
2025-07-29 12:00:00+00:00,buy,3852.726806640625,4.334100695779244
2025-07-29 13:00:00+00:00,sell,3837.764404296875,4.334100695779244
2025-07-30 06:00:00+00:00,buy,3824.683349609375,4.331545742243423
2025-07-30 07:00:00+00:00,sell,3810.84521484375,4.331545742243423
2025-07-30 08:00:00+00:00,buy,3817.392333984375,4.3068376399990695
2025-07-30 09:00:00+00:00,sell,3786.5771484375,4.3068376399990695
2025-07-30 14:00:00+00:00,buy,3818.7255859375,4.2535147302019745
2025-07-30 16:00:00+00:00,sell,3795.2353515625,4.2535147302019745
2025-07-30 17:00:00+00:00,buy,3808.719970703125,4.221518465678688
2025-07-30 18:00:00+00:00,sell,3738.24462890625,4.221518465678688
2025-07-30 23:00:00+00:00,buy,3808.887451171875,4.126666324748001
2025-07-31 12:00:00+00:00,sell,3835.171142578125,4.126666324748001
2025-08-03 12:00:00+00:00,buy,3491.495361328125,4.514750097562161
2025-08-03 14:00:00+00:00,sell,3472.405029296875,4.514750097562161
2025-08-03 16:00:00+00:00,buy,3494.786865234375,4.467910659876777
2025-08-05 02:00:00+00:00,sell,3679.931640625,4.467910659876777
2025-08-06 05:00:00+00:00,buy,3637.53076171875,4.5019289789408505
2025-08-06 08:00:00+00:00,sell,3621.78466796875,4.5019289789408505
2025-08-06 14:00:00+00:00,buy,3635.29248046875,4.467278104890945
2025-08-07 03:00:00+00:00,sell,3657.398681640625,4.467278104890945
2025-08-07 06:00:00+00:00,buy,3695.897216796875,4.4030791396619495
2025-08-08 05:00:00+00:00,sell,3902.211669921875,4.4030791396619495
2025-08-08 17:00:00+00:00,buy,4033.77978515625,4.242444916088359
2025-08-09 00:00:00+00:00,sell,4016.80224609375,4.242444916088359
2025-08-09 05:00:00+00:00,buy,4179.87255859375,4.060642027985798
2025-08-09 15:00:00+00:00,sell,4208.05517578125,4.060642027985798
2025-08-09 20:00:00+00:00,buy,4290.03125,3.967132973605233
2025-08-09 22:00:00+00:00,sell,4265.552734375,3.967132973605233
2025-08-10 23:00:00+00:00,buy,4251.685546875,3.9641677038006486
2025-08-11 09:00:00+00:00,sell,4264.33251953125,3.9641677038006486
2025-08-11 16:00:00+00:00,buy,4315.69775390625,3.9013340862578434
2025-08-11 19:00:00+00:00,sell,4257.841796875,3.9013340862578434
2025-08-12 03:00:00+00:00,buy,4283.599609375,3.862378895436715
2025-08-13 07:00:00+00:00,sell,4625.7958984375,3.862378895436715
2025-08-17 04:00:00+00:00,buy,4487.5595703125,3.96544744072967
2025-08-17 06:00:00+00:00,sell,4460.275390625,3.96544744072967
2025-08-17 07:00:00+00:00,buy,4470.29833984375,3.940746028762567
2025-08-17 18:00:00+00:00,sell,4470.4091796875,3.940746028762567
2025-08-20 15:00:00+00:00,buy,4255.1201171875,4.123585284707902
2025-08-21 03:00:00+00:00,sell,4294.90771484375,4.123585284707902
2025-08-22 02:00:00+00:00,buy,4288.13427734375,4.113594929611076
2025-08-22 11:00:00+00:00,sell,4275.2890625,4.113594929611076
2025-08-22 14:00:00+00:00,buy,4618.9482421875,3.7923201580226293
2025-08-23 03:00:00+00:00,sell,4692.3447265625,3.7923201580226293
2025-08-24 16:00:00+00:00,buy,4824.4453125,3.673741545898888
2025-08-24 21:00:00+00:00,sell,4785.32080078125,3.673741545898888
2025-08-26 19:00:00+00:00,buy,4589.04638671875,3.8155600430934475
2025-08-27 09:00:00+00:00,sell,4587.2314453125,3.8155600430934475
2025-08-27 12:00:00+00:00,buy,4616.11083984375,3.776537479141139
2025-08-27 13:00:00+00:00,sell,4595.57568359375,3.776537479141139
2025-08-27 15:00:00+00:00,buy,4658.095703125,3.7109610611801402
2025-08-27 18:00:00+00:00,sell,4593.02294921875,3.7109610611801402
2025-08-28 06:00:00+00:00,buy,4583.80029296875,3.703568718852108
2025-08-28 13:00:00+00:00,sell,4572.30322265625,3.703568718852108
2025-08-31 00:00:00+00:00,buy,4461.326171875,3.7805286852744255
2025-08-31 17:00:00+00:00,sell,4477.6962890625,3.7805286852744255
2025-09-01 08:00:00+00:00,buy,4476.1455078125,3.7667262403552666
2025-09-01 10:00:00+00:00,sell,4406.5244140625,3.7667262403552666
2025-09-02 06:00:00+00:00,buy,4412.40478515625,3.7466745804822192
2025-09-02 07:00:00+00:00,sell,4377.509765625,3.7466745804822192
2025-09-03 09:00:00+00:00,buy,4352.17041015625,3.7534297169795168
2025-09-04 02:00:00+00:00,sell,4423.11181640625,3.7534297169795168
2025-09-05 07:00:00+00:00,buy,4418.2568359375,3.7425389689321396
2025-09-05 14:00:00+00:00,sell,4273.2890625,3.7425389689321396
2025-09-07 13:00:00+00:00,buy,4304.75341796875,3.7003380829812427
2025-09-07 14:00:00+00:00,sell,4299.03857421875,3.7003380829812427
2025-09-07 15:00:00+00:00,buy,4299.099609375,3.6854992075072057
2025-09-07 16:00:00+00:00,sell,4286.18896484375,3.6854992075072057
2025-09-07 22:00:00+00:00,buy,4308.94287109375,3.651387986960145
2025-09-08 01:00:00+00:00,sell,4293.9912109375,3.651387986960145
2025-09-08 02:00:00+00:00,buy,4309.2158203125,3.6239481101259683
2025-09-08 04:00:00+00:00,sell,4297.48583984375,3.6239481101259683
2025-09-08 09:00:00+00:00,buy,4317.6328125,3.59262429065284
2025-09-08 17:00:00+00:00,sell,4311.02587890625,3.59262429065284
2025-09-08 18:00:00+00:00,buy,4327.13623046875,3.5649459215072894
2025-09-08 19:00:00+00:00,sell,4289.0888671875,3.5649459215072894
2025-09-09 06:00:00+00:00,buy,4366.11376953125,3.48806063011057
2025-09-09 14:00:00+00:00,sell,4305.9580078125,3.48806063011057
2025-09-10 03:00:00+00:00,buy,4318.76953125,3.4638164414837207
2025-09-10 04:00:00+00:00,sell,4310.6181640625,3.4638164414837207
2025-09-10 07:00:00+00:00,buy,4328.75537109375,3.435519857145955
2025-09-10 19:00:00+00:00,sell,4323.3291015625,3.435519857145955
2025-09-11 02:00:00+00:00,buy,4378.48583984375,3.3786864679103767
2025-09-11 15:00:00+00:00,sell,4416.8056640625,3.3786864679103767
2025-09-11 23:00:00+00:00,buy,4461.05615234375,3.331805004660352
2025-09-12 10:00:00+00:00,sell,4515.66357421875,3.331805004660352
2025-09-12 16:00:00+00:00,buy,4574.48486328125,3.2758200940802555
2025-09-13 07:00:00+00:00,sell,4716.0234375,3.2758200940802555
2025-09-15 05:00:00+00:00,buy,4663.080078125,3.299774076562184
2025-09-15 06:00:00+00:00,sell,4633.1416015625,3.299774076562184
2025-09-17 02:00:00+00:00,buy,4532.35986328125,3.3596688877957965
2025-09-17 03:00:00+00:00,sell,4500.017578125,3.3596688877957965
2025-09-17 06:00:00+00:00,buy,4547.87939453125,3.3110278315509203
2025-09-17 08:00:00+00:00,sell,4512.33203125,3.3110278315509203
2025-09-17 17:00:00+00:00,buy,4506.1572265625,3.302315948279561
2025-09-17 18:00:00+00:00,sell,4455.29833984375,3.302315948279561
2025-09-17 21:00:00+00:00,buy,4530.90283203125,3.2342362980233976
2025-09-18 10:00:00+00:00,sell,4576.10693359375,3.2342362980233976
2025-09-18 18:00:00+00:00,buy,4620.85791015625,3.1901152970138673
2025-09-18 19:00:00+00:00,sell,4589.57958984375,3.1901152970138673
2025-09-21 06:00:00+00:00,buy,4488.29345703125,3.24907041149564
2025-09-21 07:00:00+00:00,sell,4480.49169921875,3.24907041149564
2025-09-21 15:00:00+00:00,buy,4485.4404296875,3.232516791576279
2025-09-21 16:00:00+00:00,sell,4478.30615234375,3.232516791576279
2025-09-21 17:00:00+00:00,buy,4494.177734375,3.2082293564951616
2025-09-21 20:00:00+00:00,sell,4480.40625,3.2082293564951616
2025-09-24 09:00:00+00:00,buy,4183.01025390625,3.4225906236178236
2025-09-24 10:00:00+00:00,sell,4178.22607421875,3.4225906236178236
2025-09-24 11:00:00+00:00,buy,4182.6865234375,3.405278659315016
2025-09-24 13:00:00+00:00,sell,4152.96923828125,3.405278659315016
2025-09-24 14:00:00+00:00,buy,4196.0390625,3.3568576955785465
2025-09-24 15:00:00+00:00,sell,4165.796875,3.3568576955785465
2025-09-24 17:00:00+00:00,buy,4185.82373046875,3.32744716014547
2025-09-24 18:00:00+00:00,sell,4173.84423828125,3.32744716014547
2025-09-26 17:00:00+00:00,buy,4047.514404296875,3.417590981573262
2025-09-27 07:00:00+00:00,sell,4008.95947265625,3.417590981573262
2025-09-28 14:00:00+00:00,buy,4025.232666015625,3.3901728770695896
2025-09-29 11:00:00+00:00,sell,4104.9169921875,3.3901728770695896
2025-09-29 13:00:00+00:00,buy,4172.20068359375,3.32217202699654
2025-09-30 02:00:00+00:00,sell,4202.38134765625,3.32217202699654
2025-10-01 01:00:00+00:00,buy,4171.87646484375,3.3330913765615606
2025-10-01 02:00:00+00:00,sell,4154.12158203125,3.3330913765615606
2025-10-01 08:00:00+00:00,buy,4290.34130859375,3.214368495954252
2025-10-02 07:00:00+00:00,sell,4377.5888671875,3.214368495954252
2025-10-02 16:00:00+00:00,buy,4451.54150390625,3.1483375546184686
2025-10-03 00:00:00+00:00,sell,4472.3837890625,3.1483375546184686
2025-10-03 16:00:00+00:00,buy,4526.76025390625,3.0980893800591005
2025-10-03 17:00:00+00:00,sell,4475.20068359375,3.0980893800591005
2025-10-03 21:00:00+00:00,buy,4527.7314453125,3.049908999618875
2025-10-03 22:00:00+00:00,sell,4528.44384765625,3.049908999618875
2025-10-05 02:00:00+00:00,buy,4549.26806640625,3.023816430076411
2025-10-05 13:00:00+00:00,sell,4539.9345703125,3.023816430076411
2025-10-06 03:00:00+00:00,buy,4537.990234375,3.0130236593160538
2025-10-07 01:00:00+00:00,sell,4677.6533203125,3.0130236593160538
2025-10-12 14:00:00+00:00,buy,3973.301025390625,3.532971926742844
2025-10-13 05:00:00+00:00,sell,4133.74560546875,3.532971926742844
2025-10-13 19:00:00+00:00,buy,4256.763671875,3.4171612724118066
2025-10-14 01:00:00+00:00,sell,4213.8603515625,3.4171612724118066
2025-10-15 07:00:00+00:00,buy,4125.25146484375,3.4766123614752673
2025-10-15 11:00:00+00:00,sell,4103.1123046875,3.4766123614752673
2025-10-16 10:00:00+00:00,buy,4050.43408203125,3.5077544794311417
2025-10-16 13:00:00+00:00,sell,4023.0341796875,3.5077544794311417
